DetectorFloor,DetectorQuantile,Dataset,TargetSensor,FaultType,TechnicalRepeatN,MeanCorrectDetectionRate,SDCorrectDetectionRate,MeanMAEImprovementPercent
3,97.5,NUAA,force_z,Saturation,30,0.985745614035087,0.0110740185727654,53.3913994474539
3,97.5,NUAA,force_z,Dropout,30,0.931359649122807,0.0151294417070825,20.61946103761
3,97.5,NUAA,force_z,Bias,30,0.622368421052632,0.0410528060864642,29.1158062167794
3,97.5,NUAA,force_z,Noise,30,0.642324561403509,0.031503394445036,48.2524546944687
3,97.5,NUAA,vibration_x,Saturation,30,1,0,-3.25105640565805
3,97.5,NUAA,vibration_x,Dropout,30,1,0,-1.61352100723407
3,97.5,NUAA,vibration_x,Bias,30,0.51359649122807,0.0358655467084768,1.37408050914858
3,97.5,NUAA,vibration_x,Noise,30,0.104605263157895,0.0152929726325529,0.485254465176795
3,97.5,NUAA,vibration_y,Saturation,30,1,0,24.9581641823801
3,97.5,NUAA,vibration_y,Dropout,30,1,0,9.11497907264581
3,97.5,NUAA,vibration_y,Bias,30,0.661842105263158,0.0321652321420881,17.7337822699666
3,97.5,NUAA,vibration_y,Noise,30,0.155921052631579,0.0233816886111283,5.07111759447584
3,97.5,PHM2010,force_z,Saturation,30,1,0,41.1674683924903
3,97.5,PHM2010,force_z,Dropout,30,1,0,50.0166272725524
3,97.5,PHM2010,force_z,Bias,30,0.781446208112875,0.0144205180881037,20.7845155636504
3,97.5,PHM2010,force_z,Noise,30,0.649312169312169,0.0125657486568267,13.2813258861923
3,97.5,PHM2010,vibration_x,Saturation,30,0.998941798941799,4.51681028326696e-16,13.1518245300328
3,97.5,PHM2010,vibration_x,Dropout,30,0.998447971781305,0.000536948426883479,-1.57512587901744
3,97.5,PHM2010,vibration_x,Bias,30,0.45026455026455,0.0123335967497766,15.9819890500232
3,97.5,PHM2010,vibration_x,Noise,30,0.138518518518519,0.00632696951339196,4.57112813374909
3,97.5,PHM2010,vibration_y,Saturation,30,0.998941798941799,4.51681028326696e-16,5.7816785077647
3,97.5,PHM2010,vibration_y,Dropout,30,0.782398589065256,0.0103662861958755,-9.29989318965352
3,97.5,PHM2010,vibration_y,Bias,30,0.111499118165785,0.00785758156074488,1.98148411764208
3,97.5,PHM2010,vibration_y,Noise,30,0.00261022927689594,0.00166119630214794,2.48253111002864
3,99,NUAA,force_z,Saturation,30,0.967105263157894,0.0150618808282194,53.0638338156731
3,99,NUAA,force_z,Dropout,30,0.929166666666667,0.0175924727265529,20.6675950078649
3,99,NUAA,force_z,Bias,30,0.56469298245614,0.0475697517801705,28.0890560114867
3,99,NUAA,force_z,Noise,30,0.617543859649123,0.0323564548826504,47.5159833889533
3,99,NUAA,vibration_x,Saturation,30,1,0,-3.25105640565805
3,99,NUAA,vibration_x,Dropout,30,1,0,-1.61352100723407
3,99,NUAA,vibration_x,Bias,30,0.0646929824561403,0.016668955012134,0.165874640314819
3,99,NUAA,vibration_x,Noise,30,0.00811403508771929,0.00331583508548507,-0.292156384342557
3,99,NUAA,vibration_y,Saturation,30,1,0,24.9581641823801
3,99,NUAA,vibration_y,Dropout,30,1,0,9.11497907264581
3,99,NUAA,vibration_y,Bias,30,0.489912280701754,0.0486754214528467,15.6171404124771
3,99,NUAA,vibration_y,Noise,30,0.0432017543859649,0.0131219260342046,0.821898557309274
3,99,PHM2010,force_z,Saturation,30,1,0,41.1674683924903
3,99,PHM2010,force_z,Dropout,30,1,0,50.0166272725524
3,99,PHM2010,force_z,Bias,30,0.508994708994709,0.0154051336511515,15.8706360586711
3,99,PHM2010,force_z,Noise,30,0.233756613756614,0.0113201762900172,3.38085477372673
3,99,PHM2010,vibration_x,Saturation,30,0.998941798941799,4.51681028326696e-16,13.1518245300328
3,99,PHM2010,vibration_x,Dropout,30,0.831746031746032,0.0100926819632471,-5.39260955201407
3,99,PHM2010,vibration_x,Bias,30,0.151640211640212,0.0107992658836847,0.938901592682808
3,99,PHM2010,vibration_x,Noise,30,0.00564373897707231,0.00108818435790768,-0.3328280107232
3,99,PHM2010,vibration_y,Saturation,30,0.998941798941799,4.51681028326696e-16,5.7816785077647
3,99,PHM2010,vibration_y,Dropout,30,0.659647266313933,0.0134929995513555,-9.98718450056356
3,99,PHM2010,vibration_y,Bias,30,0.0396119929453263,0.00512931811381414,-0.649965083011707
3,99,PHM2010,vibration_y,Noise,30,0.000564373897707231,0.000772800786603409,-0.525115661667253
3,99.5,NUAA,force_z,Saturation,30,0.967543859649123,0.015543045730378,53.1128818161133
3,99.5,NUAA,force_z,Dropout,30,0.929385964912281,0.0174433752692505,20.6721284369726
3,99.5,NUAA,force_z,Bias,30,0.566228070175439,0.0471870055609287,28.1950397056173
3,99.5,NUAA,force_z,Noise,30,0.618640350877193,0.0329393224763176,47.6598064646834
3,99.5,NUAA,vibration_x,Saturation,30,1,0,-3.25105640565805
3,99.5,NUAA,vibration_x,Dropout,30,1,0,-1.61352100723407
3,99.5,NUAA,vibration_x,Bias,30,0.0138157894736842,0.00468399130790691,0.000479522095848998
3,99.5,NUAA,vibration_x,Noise,30,0.00657894736842105,4.41094754225289e-18,-0.42602565305533
3,99.5,NUAA,vibration_y,Saturation,30,1,0,24.9581641823801
3,99.5,NUAA,vibration_y,Dropout,30,1,0,9.11497907264581
3,99.5,NUAA,vibration_y,Bias,30,0.413377192982456,0.0515740897066845,14.4742175915741
3,99.5,NUAA,vibration_y,Noise,30,0.0236842105263158,0.00802969938498328,0.283953294885868
3,99.5,PHM2010,force_z,Saturation,30,1,0,41.1674683924903
3,99.5,PHM2010,force_z,Dropout,30,1,0,50.0166272725524
3,99.5,PHM2010,force_z,Bias,30,0.284409171075838,0.0158344927734435,12.0674607731449
3,99.5,PHM2010,force_z,Noise,30,0.0447971781305114,0.00496599545283716,0.931682481578487
3,99.5,PHM2010,vibration_x,Saturation,30,0.998941798941799,4.51681028326696e-16,13.1518245300328
3,99.5,PHM2010,vibration_x,Dropout,30,0.76342151675485,0.0119259138922002,-4.18968695158332
3,99.5,PHM2010,vibration_x,Bias,30,0.0398941798941799,0.00501871902027154,-0.0637031955830497
3,99.5,PHM2010,vibration_x,Noise,30,0.000388007054673721,0.000650738518368654,-0.0347161353054533
3,99.5,PHM2010,vibration_y,Saturation,30,0.998941798941799,4.51681028326696e-16,5.7816785077647
3,99.5,PHM2010,vibration_y,Dropout,30,0.654744268077601,0.0135656352780359,-9.65230295003898
3,99.5,PHM2010,vibration_y,Bias,30,0.0393650793650794,0.00508179714322451,-0.0915450054231767
3,99.5,PHM2010,vibration_y,Noise,30,0.000564373897707231,0.000772800786603409,-0.0779311794643616
4,97.5,NUAA,force_z,Saturation,30,0.985745614035087,0.0110740185727654,53.3913994474539
4,97.5,NUAA,force_z,Dropout,30,0.931359649122807,0.0151294417070825,20.61946103761
4,97.5,NUAA,force_z,Bias,30,0.622368421052632,0.0410528060864642,29.1158062167794
4,97.5,NUAA,force_z,Noise,30,0.642324561403509,0.031503394445036,48.2524546944687
4,97.5,NUAA,vibration_x,Saturation,30,1,0,-3.25105640565805
4,97.5,NUAA,vibration_x,Dropout,30,1,0,-1.61352100723407
4,97.5,NUAA,vibration_x,Bias,30,0.51359649122807,0.0358655467084768,1.37408050914858
4,97.5,NUAA,vibration_x,Noise,30,0.104605263157895,0.0152929726325529,0.485254465176795
4,97.5,NUAA,vibration_y,Saturation,30,1,0,24.9581641823801
4,97.5,NUAA,vibration_y,Dropout,30,1,0,9.11497907264581
4,97.5,NUAA,vibration_y,Bias,30,0.661842105263158,0.0321652321420881,17.7337822699666
4,97.5,NUAA,vibration_y,Noise,30,0.155921052631579,0.0233816886111283,5.07111759447584
4,97.5,PHM2010,force_z,Saturation,30,1,0,41.1674683924903
4,97.5,PHM2010,force_z,Dropout,30,1,0,50.0166272725524
4,97.5,PHM2010,force_z,Bias,30,0.773615520282187,0.0138807733534797,20.7463960512933
4,97.5,PHM2010,force_z,Noise,30,0.639329805996473,0.0126925831456646,13.2299753809344
4,97.5,PHM2010,vibration_x,Saturation,30,0.998941798941799,4.51681028326696e-16,13.1518245300328
4,97.5,PHM2010,vibration_x,Dropout,30,0.998553791887125,0.000518658749051349,-1.59580759823777
4,97.5,PHM2010,vibration_x,Bias,30,0.454215167548501,0.0124176320434516,15.9683514710964
4,97.5,PHM2010,vibration_x,Noise,30,0.138730158730159,0.00636954717762692,4.57384360272331
4,97.5,PHM2010,vibration_y,Saturation,30,0.998941798941799,4.51681028326696e-16,5.7816785077647
4,97.5,PHM2010,vibration_y,Dropout,30,0.784656084656085,0.00991804989735198,-9.32912763637766
4,97.5,PHM2010,vibration_y,Bias,30,0.111499118165785,0.00785758156074488,1.9333321995449
4,97.5,PHM2010,vibration_y,Noise,30,0.00261022927689594,0.00166119630214794,2.45722452116575
4,99,NUAA,force_z,Saturation,30,0.967105263157894,0.0150618808282194,53.0638338156731
4,99,NUAA,force_z,Dropout,30,0.929166666666667,0.0175924727265529,20.6675950078649
4,99,NUAA,force_z,Bias,30,0.56469298245614,0.0475697517801705,28.0890560114867
4,99,NUAA,force_z,Noise,30,0.617543859649123,0.0323564548826504,47.5159833889533
4,99,NUAA,vibration_x,Saturation,30,1,0,-3.25105640565805
4,99,NUAA,vibration_x,Dropout,30,1,0,-1.61352100723407
4,99,NUAA,vibration_x,Bias,30,0.0646929824561403,0.016668955012134,0.165874640314819
4,99,NUAA,vibration_x,Noise,30,0.00811403508771929,0.00331583508548507,-0.292156384342557
4,99,NUAA,vibration_y,Saturation,30,1,0,24.9581641823801
4,99,NUAA,vibration_y,Dropout,30,1,0,9.11497907264581
4,99,NUAA,vibration_y,Bias,30,0.489912280701754,0.0486754214528467,15.6171404124771
4,99,NUAA,vibration_y,Noise,30,0.0432017543859649,0.0131219260342046,0.821898557309274
4,99,PHM2010,force_z,Saturation,30,1,0,41.1674683924903
4,99,PHM2010,force_z,Dropout,30,1,0,50.0166272725524
4,99,PHM2010,force_z,Bias,30,0.508994708994709,0.0154051336511515,15.8706360586711
4,99,PHM2010,force_z,Noise,30,0.233756613756614,0.0113201762900172,3.38085477372673
4,99,PHM2010,vibration_x,Saturation,30,0.998941798941799,4.51681028326696e-16,13.1518245300328
4,99,PHM2010,vibration_x,Dropout,30,0.831746031746032,0.0100926819632471,-5.39260955201407
4,99,PHM2010,vibration_x,Bias,30,0.151640211640212,0.0107992658836847,0.938901592682808
4,99,PHM2010,vibration_x,Noise,30,0.00564373897707231,0.00108818435790768,-0.3328280107232
4,99,PHM2010,vibration_y,Saturation,30,0.998941798941799,4.51681028326696e-16,5.7816785077647
4,99,PHM2010,vibration_y,Dropout,30,0.659647266313933,0.0134929995513555,-9.98718450056356
4,99,PHM2010,vibration_y,Bias,30,0.0396119929453263,0.00512931811381414,-0.649965083011707
4,99,PHM2010,vibration_y,Noise,30,0.000564373897707231,0.000772800786603409,-0.525115661667253
4,99.5,NUAA,force_z,Saturation,30,0.967543859649123,0.015543045730378,53.1128818161133
4,99.5,NUAA,force_z,Dropout,30,0.929385964912281,0.0174433752692505,20.6721284369726
4,99.5,NUAA,force_z,Bias,30,0.566228070175439,0.0471870055609287,28.1950397056173
4,99.5,NUAA,force_z,Noise,30,0.618640350877193,0.0329393224763176,47.6598064646834
4,99.5,NUAA,vibration_x,Saturation,30,1,0,-3.25105640565805
4,99.5,NUAA,vibration_x,Dropout,30,1,0,-1.61352100723407
4,99.5,NUAA,vibration_x,Bias,30,0.0138157894736842,0.00468399130790691,0.000479522095848998
4,99.5,NUAA,vibration_x,Noise,30,0.00657894736842105,4.41094754225289e-18,-0.42602565305533
4,99.5,NUAA,vibration_y,Saturation,30,1,0,24.9581641823801
4,99.5,NUAA,vibration_y,Dropout,30,1,0,9.11497907264581
4,99.5,NUAA,vibration_y,Bias,30,0.413377192982456,0.0515740897066845,14.4742175915741
4,99.5,NUAA,vibration_y,Noise,30,0.0236842105263158,0.00802969938498328,0.283953294885868
4,99.5,PHM2010,force_z,Saturation,30,1,0,41.1674683924903
4,99.5,PHM2010,force_z,Dropout,30,1,0,50.0166272725524
4,99.5,PHM2010,force_z,Bias,30,0.284409171075838,0.0158344927734435,12.0674607731449
4,99.5,PHM2010,force_z,Noise,30,0.0447971781305114,0.00496599545283716,0.931682481578487
4,99.5,PHM2010,vibration_x,Saturation,30,0.998941798941799,4.51681028326696e-16,13.1518245300328
4,99.5,PHM2010,vibration_x,Dropout,30,0.76342151675485,0.0119259138922002,-4.18968695158332
4,99.5,PHM2010,vibration_x,Bias,30,0.0398941798941799,0.00501871902027154,-0.0637031955830497
4,99.5,PHM2010,vibration_x,Noise,30,0.000388007054673721,0.000650738518368654,-0.0347161353054533
4,99.5,PHM2010,vibration_y,Saturation,30,0.998941798941799,4.51681028326696e-16,5.7816785077647
4,99.5,PHM2010,vibration_y,Dropout,30,0.654744268077601,0.0135656352780359,-9.65230295003898
4,99.5,PHM2010,vibration_y,Bias,30,0.0393650793650794,0.00508179714322451,-0.0915450054231767
4,99.5,PHM2010,vibration_y,Noise,30,0.000564373897707231,0.000772800786603409,-0.0779311794643616
5,97.5,NUAA,force_z,Saturation,30,0.985745614035087,0.0110740185727654,53.3913994474539
5,97.5,NUAA,force_z,Dropout,30,0.931359649122807,0.0151294417070825,20.61946103761
5,97.5,NUAA,force_z,Bias,30,0.622368421052632,0.0410528060864642,29.1158062167794
5,97.5,NUAA,force_z,Noise,30,0.642324561403509,0.031503394445036,48.2524546944687
5,97.5,NUAA,vibration_x,Saturation,30,1,0,-3.25105640565805
5,97.5,NUAA,vibration_x,Dropout,30,1,0,-1.61352100723407
5,97.5,NUAA,vibration_x,Bias,30,0.51359649122807,0.0358655467084768,1.37408050914858
5,97.5,NUAA,vibration_x,Noise,30,0.104605263157895,0.0152929726325529,0.485254465176795
5,97.5,NUAA,vibration_y,Saturation,30,1,0,24.9581641823801
5,97.5,NUAA,vibration_y,Dropout,30,1,0,9.11497907264581
5,97.5,NUAA,vibration_y,Bias,30,0.661842105263158,0.0321652321420881,17.7337822699666
5,97.5,NUAA,vibration_y,Noise,30,0.155921052631579,0.0233816886111283,5.07111759447584
5,97.5,PHM2010,force_z,Saturation,30,1,0,41.1674683924903
5,97.5,PHM2010,force_z,Dropout,30,1,0,50.0166272725524
5,97.5,PHM2010,force_z,Bias,30,0.74021164021164,0.0147462379237864,20.647947128406
5,97.5,PHM2010,force_z,Noise,30,0.583456790123457,0.0131451060708393,13.0294418607239
5,97.5,PHM2010,vibration_x,Saturation,30,0.998941798941799,4.51681028326696e-16,13.1518245300328
5,97.5,PHM2010,vibration_x,Dropout,30,0.998694885361552,0.000455220176880471,-1.6241682469013
5,97.5,PHM2010,vibration_x,Bias,30,0.415202821869488,0.0115301671068886,15.4563768462728
5,97.5,PHM2010,vibration_x,Noise,30,0.133015873015873,0.00511776218605577,4.38367094451353
5,97.5,PHM2010,vibration_y,Saturation,30,0.998941798941799,4.51681028326696e-16,5.7816785077647
5,97.5,PHM2010,vibration_y,Dropout,30,0.789453262786596,0.0107287160788322,-9.45749054248406
5,97.5,PHM2010,vibration_y,Bias,30,0.111146384479718,0.00770373645079329,1.45540525471064
5,97.5,PHM2010,vibration_y,Noise,30,0.00257495590828924,0.00163660775709283,2.13836098178474
5,99,NUAA,force_z,Saturation,30,0.967105263157894,0.0150618808282194,53.0638338156731
5,99,NUAA,force_z,Dropout,30,0.929166666666667,0.0175924727265529,20.6675950078649
5,99,NUAA,force_z,Bias,30,0.56469298245614,0.0475697517801705,28.0890560114867
5,99,NUAA,force_z,Noise,30,0.617543859649123,0.0323564548826504,47.5159833889533
5,99,NUAA,vibration_x,Saturation,30,1,0,-3.25105640565805
5,99,NUAA,vibration_x,Dropout,30,1,0,-1.61352100723407
5,99,NUAA,vibration_x,Bias,30,0.0646929824561403,0.016668955012134,0.165874640314819
5,99,NUAA,vibration_x,Noise,30,0.00811403508771929,0.00331583508548507,-0.292156384342557
5,99,NUAA,vibration_y,Saturation,30,1,0,24.9581641823801
5,99,NUAA,vibration_y,Dropout,30,1,0,9.11497907264581
5,99,NUAA,vibration_y,Bias,30,0.489912280701754,0.0486754214528467,15.6171404124771
5,99,NUAA,vibration_y,Noise,30,0.0432017543859649,0.0131219260342046,0.821898557309274
5,99,PHM2010,force_z,Saturation,30,1,0,41.1674683924903
5,99,PHM2010,force_z,Dropout,30,1,0,50.0166272725524
5,99,PHM2010,force_z,Bias,30,0.508994708994709,0.0154051336511515,15.8706360586711
5,99,PHM2010,force_z,Noise,30,0.233756613756614,0.0113201762900172,3.38085477372673
5,99,PHM2010,vibration_x,Saturation,30,0.998941798941799,4.51681028326696e-16,13.1518245300328
5,99,PHM2010,vibration_x,Dropout,30,0.831746031746032,0.0100926819632471,-5.39260955201407
5,99,PHM2010,vibration_x,Bias,30,0.151640211640212,0.0107992658836847,0.938901592682808
5,99,PHM2010,vibration_x,Noise,30,0.00564373897707231,0.00108818435790768,-0.3328280107232
5,99,PHM2010,vibration_y,Saturation,30,0.998941798941799,4.51681028326696e-16,5.7816785077647
5,99,PHM2010,vibration_y,Dropout,30,0.659647266313933,0.0134929995513555,-9.98718450056356
5,99,PHM2010,vibration_y,Bias,30,0.0396119929453263,0.00512931811381414,-0.649965083011707
5,99,PHM2010,vibration_y,Noise,30,0.000564373897707231,0.000772800786603409,-0.525115661667253
5,99.5,NUAA,force_z,Saturation,30,0.967543859649123,0.015543045730378,53.1128818161133
5,99.5,NUAA,force_z,Dropout,30,0.929385964912281,0.0174433752692505,20.6721284369726
5,99.5,NUAA,force_z,Bias,30,0.566228070175439,0.0471870055609287,28.1950397056173
5,99.5,NUAA,force_z,Noise,30,0.618640350877193,0.0329393224763176,47.6598064646834
5,99.5,NUAA,vibration_x,Saturation,30,1,0,-3.25105640565805
5,99.5,NUAA,vibration_x,Dropout,30,1,0,-1.61352100723407
5,99.5,NUAA,vibration_x,Bias,30,0.0138157894736842,0.00468399130790691,0.000479522095848998
5,99.5,NUAA,vibration_x,Noise,30,0.00657894736842105,4.41094754225289e-18,-0.42602565305533
5,99.5,NUAA,vibration_y,Saturation,30,1,0,24.9581641823801
5,99.5,NUAA,vibration_y,Dropout,30,1,0,9.11497907264581
5,99.5,NUAA,vibration_y,Bias,30,0.413377192982456,0.0515740897066845,14.4742175915741
5,99.5,NUAA,vibration_y,Noise,30,0.0236842105263158,0.00802969938498328,0.283953294885868
5,99.5,PHM2010,force_z,Saturation,30,1,0,41.1674683924903
5,99.5,PHM2010,force_z,Dropout,30,1,0,50.0166272725524
5,99.5,PHM2010,force_z,Bias,30,0.284409171075838,0.0158344927734435,12.0674607731449
5,99.5,PHM2010,force_z,Noise,30,0.0447971781305114,0.00496599545283716,0.931682481578487
5,99.5,PHM2010,vibration_x,Saturation,30,0.998941798941799,4.51681028326696e-16,13.1518245300328
5,99.5,PHM2010,vibration_x,Dropout,30,0.76342151675485,0.0119259138922002,-4.18968695158332
5,99.5,PHM2010,vibration_x,Bias,30,0.0398941798941799,0.00501871902027154,-0.0637031955830497
5,99.5,PHM2010,vibration_x,Noise,30,0.000388007054673721,0.000650738518368654,-0.0347161353054533
5,99.5,PHM2010,vibration_y,Saturation,30,0.998941798941799,4.51681028326696e-16,5.7816785077647
5,99.5,PHM2010,vibration_y,Dropout,30,0.654744268077601,0.0135656352780359,-9.65230295003898
5,99.5,PHM2010,vibration_y,Bias,30,0.0393650793650794,0.00508179714322451,-0.0915450054231767
5,99.5,PHM2010,vibration_y,Noise,30,0.000564373897707231,0.000772800786603409,-0.0779311794643616
