InjectedRatio,Repeat,Model,ActualMeanSaturationRatio,MAE,RMSE,R2
0,1,AllSensorsTime,0,0.0951403377520283,0.141042935191912,0.539220490967857
0,1,QualityAwareTime,0,0.109701280949671,0.15201262207762,0.464758494576699
0,1,QualityGatedTime,0,0.0951403377520283,0.141042935191912,0.539220490967857
0,2,AllSensorsTime,0,0.0951403377520283,0.141042935191912,0.539220490967857
0,2,QualityAwareTime,0,0.109701280949671,0.15201262207762,0.464758494576699
0,2,QualityGatedTime,0,0.0951403377520283,0.141042935191912,0.539220490967857
0,3,AllSensorsTime,0,0.0951403377520283,0.141042935191912,0.539220490967857
0,3,QualityAwareTime,0,0.109701280949671,0.15201262207762,0.464758494576699
0,3,QualityGatedTime,0,0.0951403377520283,0.141042935191912,0.539220490967857
0,4,AllSensorsTime,0,0.0951403377520283,0.141042935191912,0.539220490967857
0,4,QualityAwareTime,0,0.109701280949671,0.15201262207762,0.464758494576699
0,4,QualityGatedTime,0,0.0951403377520283,0.141042935191912,0.539220490967857
0,5,AllSensorsTime,0,0.0951403377520283,0.141042935191912,0.539220490967857
0,5,QualityAwareTime,0,0.109701280949671,0.15201262207762,0.464758494576699
0,5,QualityGatedTime,0,0.0951403377520283,0.141042935191912,0.539220490967857
0,6,AllSensorsTime,0,0.0951403377520283,0.141042935191912,0.539220490967857
0,6,QualityAwareTime,0,0.109701280949671,0.15201262207762,0.464758494576699
0,6,QualityGatedTime,0,0.0951403377520283,0.141042935191912,0.539220490967857
0,7,AllSensorsTime,0,0.0951403377520283,0.141042935191912,0.539220490967857
0,7,QualityAwareTime,0,0.109701280949671,0.15201262207762,0.464758494576699
0,7,QualityGatedTime,0,0.0951403377520283,0.141042935191912,0.539220490967857
0,8,AllSensorsTime,0,0.0951403377520283,0.141042935191912,0.539220490967857
0,8,QualityAwareTime,0,0.109701280949671,0.15201262207762,0.464758494576699
0,8,QualityGatedTime,0,0.0951403377520283,0.141042935191912,0.539220490967857
0,9,AllSensorsTime,0,0.0951403377520283,0.141042935191912,0.539220490967857
0,9,QualityAwareTime,0,0.109701280949671,0.15201262207762,0.464758494576699
0,9,QualityGatedTime,0,0.0951403377520283,0.141042935191912,0.539220490967857
0,10,AllSensorsTime,0,0.0951403377520283,0.141042935191912,0.539220490967857
0,10,QualityAwareTime,0,0.109701280949671,0.15201262207762,0.464758494576699
0,10,QualityGatedTime,0,0.0951403377520283,0.141042935191912,0.539220490967857
0.1,1,AllSensorsTime,0.1,0.0956066756680187,0.142433935257928,0.530087032396672
0.1,1,QualityAwareTime,0.1,0.109701280949671,0.15201262207762,0.464758494576699
0.1,1,QualityGatedTime,0.1,0.109701280949671,0.15201262207762,0.464758494576699
0.1,2,AllSensorsTime,0.1,0.0955856167732175,0.14227996545773,0.531102426648778
0.1,2,QualityAwareTime,0.1,0.109701280949671,0.15201262207762,0.464758494576699
0.1,2,QualityGatedTime,0.1,0.109701280949671,0.15201262207762,0.464758494576699
0.1,3,AllSensorsTime,0.1,0.0960212644042974,0.142046809070402,0.53263794693642
0.1,3,QualityAwareTime,0.1,0.109701280949671,0.15201262207762,0.464758494576699
0.1,3,QualityGatedTime,0.1,0.109701280949671,0.15201262207762,0.464758494576699
0.1,4,AllSensorsTime,0.1,0.0960872906700563,0.142483088910824,0.529762644470657
0.1,4,QualityAwareTime,0.1,0.109701280949671,0.15201262207762,0.464758494576699
0.1,4,QualityGatedTime,0.1,0.109701280949671,0.15201262207762,0.464758494576699
0.1,5,AllSensorsTime,0.1,0.095169397830743,0.141573043902141,0.535750309897517
0.1,5,QualityAwareTime,0.1,0.109701280949671,0.15201262207762,0.464758494576699
0.1,5,QualityGatedTime,0.1,0.109701280949671,0.15201262207762,0.464758494576699
0.1,6,AllSensorsTime,0.1,0.0951590537893713,0.141556524817516,0.535858643126624
0.1,6,QualityAwareTime,0.1,0.109701280949671,0.15201262207762,0.464758494576699
0.1,6,QualityGatedTime,0.1,0.109701280949671,0.15201262207762,0.464758494576699
0.1,7,AllSensorsTime,0.1,0.0958564978637626,0.142195384100992,0.531659753246854
0.1,7,QualityAwareTime,0.1,0.109701280949671,0.15201262207762,0.464758494576699
0.1,7,QualityGatedTime,0.1,0.109701280949671,0.15201262207762,0.464758494576699
0.1,8,AllSensorsTime,0.1,0.0957535763280756,0.142379786121443,0.530444258286484
0.1,8,QualityAwareTime,0.1,0.109701280949671,0.15201262207762,0.464758494576699
0.1,8,QualityGatedTime,0.1,0.109701280949671,0.15201262207762,0.464758494576699
0.1,9,AllSensorsTime,0.1,0.0959395104449238,0.142480517279456,0.529779618642541
0.1,9,QualityAwareTime,0.1,0.109701280949671,0.15201262207762,0.464758494576699
0.1,9,QualityGatedTime,0.1,0.109701280949671,0.15201262207762,0.464758494576699
0.1,10,AllSensorsTime,0.1,0.0953536083545596,0.141494951591357,0.536262332964305
0.1,10,QualityAwareTime,0.1,0.109701280949671,0.15201262207762,0.464758494576699
0.1,10,QualityGatedTime,0.1,0.109701280949671,0.15201262207762,0.464758494576699
0.3,1,AllSensorsTime,0.3,0.10385008740865,0.147883309806315,0.493442433188881
0.3,1,QualityAwareTime,0.3,0.109701280949671,0.15201262207762,0.464758494576699
0.3,1,QualityGatedTime,0.3,0.109701280949671,0.15201262207762,0.464758494576699
0.3,2,AllSensorsTime,0.3,0.103719207508351,0.147165138799368,0.498350513797517
0.3,2,QualityAwareTime,0.3,0.109701280949671,0.15201262207762,0.464758494576699
0.3,2,QualityGatedTime,0.3,0.109701280949671,0.15201262207762,0.464758494576699
0.3,3,AllSensorsTime,0.3,0.102471293081757,0.146694311360031,0.501555247220955
0.3,3,QualityAwareTime,0.3,0.109701280949671,0.15201262207762,0.464758494576699
0.3,3,QualityGatedTime,0.3,0.109701280949671,0.15201262207762,0.464758494576699
0.3,4,AllSensorsTime,0.3,0.103547315108907,0.14704163468403,0.499192150331897
0.3,4,QualityAwareTime,0.3,0.109701280949671,0.15201262207762,0.464758494576699
0.3,4,QualityGatedTime,0.3,0.109701280949671,0.15201262207762,0.464758494576699
0.3,5,AllSensorsTime,0.3,0.103117916197242,0.147310855100443,0.497356600461934
0.3,5,QualityAwareTime,0.3,0.109701280949671,0.15201262207762,0.464758494576699
0.3,5,QualityGatedTime,0.3,0.109701280949671,0.15201262207762,0.464758494576699
0.3,6,AllSensorsTime,0.3,0.102852507817938,0.146508400255,0.502817841443547
0.3,6,QualityAwareTime,0.3,0.109701280949671,0.15201262207762,0.464758494576699
0.3,6,QualityGatedTime,0.3,0.109701280949671,0.15201262207762,0.464758494576699
0.3,7,AllSensorsTime,0.3,0.104576247705533,0.148267202133888,0.490809060038748
0.3,7,QualityAwareTime,0.3,0.109701280949671,0.15201262207762,0.464758494576699
0.3,7,QualityGatedTime,0.3,0.109701280949671,0.15201262207762,0.464758494576699
0.3,8,AllSensorsTime,0.3,0.102557268220379,0.146539346036958,0.502607787746388
0.3,8,QualityAwareTime,0.3,0.109701280949671,0.15201262207762,0.464758494576699
0.3,8,QualityGatedTime,0.3,0.109701280949671,0.15201262207762,0.464758494576699
0.3,9,AllSensorsTime,0.3,0.102642049746018,0.146907731744568,0.500103852782813
0.3,9,QualityAwareTime,0.3,0.109701280949671,0.15201262207762,0.464758494576699
0.3,9,QualityGatedTime,0.3,0.109701280949671,0.15201262207762,0.464758494576699
0.3,10,AllSensorsTime,0.3,0.104445517018638,0.147826269135563,0.493833130569656
0.3,10,QualityAwareTime,0.3,0.109701280949671,0.15201262207762,0.464758494576699
0.3,10,QualityGatedTime,0.3,0.109701280949671,0.15201262207762,0.464758494576699
0.5,1,AllSensorsTime,0.5,0.111184688599212,0.151251279899007,0.470106490802626
0.5,1,QualityAwareTime,0.5,0.109701280949671,0.15201262207762,0.464758494576699
0.5,1,QualityGatedTime,0.5,0.109701280949671,0.15201262207762,0.464758494576699
0.5,2,AllSensorsTime,0.5,0.114786336026309,0.154551624251524,0.446729352599976
0.5,2,QualityAwareTime,0.5,0.109701280949671,0.15201262207762,0.464758494576699
0.5,2,QualityGatedTime,0.5,0.109701280949671,0.15201262207762,0.464758494576699
0.5,3,AllSensorsTime,0.5,0.112210950689553,0.152655986599067,0.460218291274522
0.5,3,QualityAwareTime,0.5,0.109701280949671,0.15201262207762,0.464758494576699
0.5,3,QualityGatedTime,0.5,0.109701280949671,0.15201262207762,0.464758494576699
0.5,4,AllSensorsTime,0.5,0.111132310170417,0.152593278666281,0.460661662592103
0.5,4,QualityAwareTime,0.5,0.109701280949671,0.15201262207762,0.464758494576699
0.5,4,QualityGatedTime,0.5,0.109701280949671,0.15201262207762,0.464758494576699
0.5,5,AllSensorsTime,0.5,0.114495346399172,0.153768149750498,0.452324566945796
0.5,5,QualityAwareTime,0.5,0.109701280949671,0.15201262207762,0.464758494576699
0.5,5,QualityGatedTime,0.5,0.109701280949671,0.15201262207762,0.464758494576699
0.5,6,AllSensorsTime,0.5,0.112328049830127,0.153444829413423,0.454625283226794
0.5,6,QualityAwareTime,0.5,0.109701280949671,0.15201262207762,0.464758494576699
0.5,6,QualityGatedTime,0.5,0.109701280949671,0.15201262207762,0.464758494576699
0.5,7,AllSensorsTime,0.5,0.114119921442098,0.153518412105426,0.45410210154728
0.5,7,QualityAwareTime,0.5,0.109701280949671,0.15201262207762,0.464758494576699
0.5,7,QualityGatedTime,0.5,0.109701280949671,0.15201262207762,0.464758494576699
0.5,8,AllSensorsTime,0.5,0.113670365632298,0.153916080150428,0.451270293782053
0.5,8,QualityAwareTime,0.5,0.109701280949671,0.15201262207762,0.464758494576699
0.5,8,QualityGatedTime,0.5,0.109701280949671,0.15201262207762,0.464758494576699
0.5,9,AllSensorsTime,0.5,0.111521631902351,0.152741256687942,0.459615103804792
0.5,9,QualityAwareTime,0.5,0.109701280949671,0.15201262207762,0.464758494576699
0.5,9,QualityGatedTime,0.5,0.109701280949671,0.15201262207762,0.464758494576699
0.5,10,AllSensorsTime,0.5,0.112092677622825,0.153520846647636,0.454084787376345
0.5,10,QualityAwareTime,0.5,0.109701280949671,0.15201262207762,0.464758494576699
0.5,10,QualityGatedTime,0.5,0.109701280949671,0.15201262207762,0.464758494576699
0.7,1,AllSensorsTime,0.7,0.121788063525782,0.159075013490936,0.413869365714068
0.7,1,QualityAwareTime,0.7,0.109701280949671,0.15201262207762,0.464758494576699
0.7,1,QualityGatedTime,0.7,0.109701280949671,0.15201262207762,0.464758494576699
0.7,2,AllSensorsTime,0.7,0.120437498792796,0.15743149723841,0.425918258343286
0.7,2,QualityAwareTime,0.7,0.109701280949671,0.15201262207762,0.464758494576699
0.7,2,QualityGatedTime,0.7,0.109701280949671,0.15201262207762,0.464758494576699
0.7,3,AllSensorsTime,0.7,0.120324629696942,0.159057767697896,0.41399644713882
0.7,3,QualityAwareTime,0.7,0.109701280949671,0.15201262207762,0.464758494576699
0.7,3,QualityGatedTime,0.7,0.109701280949671,0.15201262207762,0.464758494576699
0.7,4,AllSensorsTime,0.7,0.121330218290515,0.157797505450288,0.423245821315425
0.7,4,QualityAwareTime,0.7,0.109701280949671,0.15201262207762,0.464758494576699
0.7,4,QualityGatedTime,0.7,0.109701280949671,0.15201262207762,0.464758494576699
0.7,5,AllSensorsTime,0.7,0.121924076508746,0.159336822651013,0.411938444635048
0.7,5,QualityAwareTime,0.7,0.109701280949671,0.15201262207762,0.464758494576699
0.7,5,QualityGatedTime,0.7,0.109701280949671,0.15201262207762,0.464758494576699
0.7,6,AllSensorsTime,0.7,0.12158538616238,0.158806005724467,0.415850071172672
0.7,6,QualityAwareTime,0.7,0.109701280949671,0.15201262207762,0.464758494576699
0.7,6,QualityGatedTime,0.7,0.109701280949671,0.15201262207762,0.464758494576699
0.7,7,AllSensorsTime,0.7,0.121395260756363,0.159320776464559,0.412056881416551
0.7,7,QualityAwareTime,0.7,0.109701280949671,0.15201262207762,0.464758494576699
0.7,7,QualityGatedTime,0.7,0.109701280949671,0.15201262207762,0.464758494576699
0.7,8,AllSensorsTime,0.7,0.121467516141047,0.158533422054237,0.417853686531542
0.7,8,QualityAwareTime,0.7,0.109701280949671,0.15201262207762,0.464758494576699
0.7,8,QualityGatedTime,0.7,0.109701280949671,0.15201262207762,0.464758494576699
0.7,9,AllSensorsTime,0.7,0.121817737311418,0.16014772664203,0.405937635952456
0.7,9,QualityAwareTime,0.7,0.109701280949671,0.15201262207762,0.464758494576699
0.7,9,QualityGatedTime,0.7,0.109701280949671,0.15201262207762,0.464758494576699
0.7,10,AllSensorsTime,0.7,0.120441100673918,0.158822499890128,0.415728721025746
0.7,10,QualityAwareTime,0.7,0.109701280949671,0.15201262207762,0.464758494576699
0.7,10,QualityGatedTime,0.7,0.109701280949671,0.15201262207762,0.464758494576699
1,1,AllSensorsTime,1,0.106536604949945,0.141811214829307,0.534186964451202
1,1,QualityAwareTime,1,0.109701280949671,0.15201262207762,0.464758494576699
1,1,QualityGatedTime,1,0.109701280949671,0.15201262207762,0.464758494576699
1,2,AllSensorsTime,1,0.106536604949945,0.141811214829307,0.534186964451202
1,2,QualityAwareTime,1,0.109701280949671,0.15201262207762,0.464758494576699
1,2,QualityGatedTime,1,0.109701280949671,0.15201262207762,0.464758494576699
1,3,AllSensorsTime,1,0.106536604949945,0.141811214829307,0.534186964451202
1,3,QualityAwareTime,1,0.109701280949671,0.15201262207762,0.464758494576699
1,3,QualityGatedTime,1,0.109701280949671,0.15201262207762,0.464758494576699
1,4,AllSensorsTime,1,0.106536604949945,0.141811214829307,0.534186964451202
1,4,QualityAwareTime,1,0.109701280949671,0.15201262207762,0.464758494576699
1,4,QualityGatedTime,1,0.109701280949671,0.15201262207762,0.464758494576699
1,5,AllSensorsTime,1,0.106536604949945,0.141811214829307,0.534186964451202
1,5,QualityAwareTime,1,0.109701280949671,0.15201262207762,0.464758494576699
1,5,QualityGatedTime,1,0.109701280949671,0.15201262207762,0.464758494576699
1,6,AllSensorsTime,1,0.106536604949945,0.141811214829307,0.534186964451202
1,6,QualityAwareTime,1,0.109701280949671,0.15201262207762,0.464758494576699
1,6,QualityGatedTime,1,0.109701280949671,0.15201262207762,0.464758494576699
1,7,AllSensorsTime,1,0.106536604949945,0.141811214829307,0.534186964451202
1,7,QualityAwareTime,1,0.109701280949671,0.15201262207762,0.464758494576699
1,7,QualityGatedTime,1,0.109701280949671,0.15201262207762,0.464758494576699
1,8,AllSensorsTime,1,0.106536604949945,0.141811214829307,0.534186964451202
1,8,QualityAwareTime,1,0.109701280949671,0.15201262207762,0.464758494576699
1,8,QualityGatedTime,1,0.109701280949671,0.15201262207762,0.464758494576699
1,9,AllSensorsTime,1,0.106536604949945,0.141811214829307,0.534186964451202
1,9,QualityAwareTime,1,0.109701280949671,0.15201262207762,0.464758494576699
1,9,QualityGatedTime,1,0.109701280949671,0.15201262207762,0.464758494576699
1,10,AllSensorsTime,1,0.106536604949945,0.141811214829307,0.534186964451202
1,10,QualityAwareTime,1,0.109701280949671,0.15201262207762,0.464758494576699
1,10,QualityGatedTime,1,0.109701280949671,0.15201262207762,0.464758494576699
