Dataset,Experiment,TargetSensor,FaultType,SeverityBin,RecordScenarioRows,TechnicalRepeatN,FixedMAE,DetectorGuidedMedianMAE,DetectorGuidedMaskMAE,SQTR_MAE,OracleEnvelopeMAE,MeanSQTRRegret,CorrectDetectionRate,MissRate,WrongChannelRate
NUAA,W1,force_z,Saturation,Low,276,30,0.108476325062939,0.02429708041954,0.0249586725424729,0.0229523061749573,0.0136919451294838,0.00926036104547353,0.902173913043478,0.0905797101449275,0.0072463768115942
NUAA,W2,force_z,Saturation,Low,181,30,0.0771551695415583,0.0208809385284141,0.0224914362463501,0.0223498719614283,0.0163919288771444,0.00595794308428385,0.983425414364641,0.0165745856353591,0
NUAA,W3,force_z,Saturation,Low,108,30,0.0472051290168376,0.0271791538414784,0.0255375712372446,0.0269886715204337,0.0171652626898696,0.00982340883056408,0.981481481481482,0.0185185185185185,0
NUAA,W4,force_z,Saturation,Low,287,30,0.0485929094466257,0.0489463407589368,0.0450253701027617,0.0505436183678747,0.0267838957830774,0.0237597225847973,0.912891986062718,0.0801393728222996,0.00696864111498258
NUAA,W5,force_z,Saturation,Low,72,30,0.0837706564980335,0.0355367541804755,0.0372009434050255,0.0430390618231799,0.0242098872756093,0.0188291745475706,0.847222222222222,0.0833333333333333,0.0694444444444444
NUAA,W6,force_z,Saturation,Low,148,30,0.0588510831502679,0.0398381234346233,0.0388974320965228,0.0392453210394257,0.0293425573283806,0.00990276371104511,0.905405405405405,0.0945945945945946,0
NUAA,W7,force_z,Saturation,Low,80,30,0.0947050654306719,0.0851261686066907,0.0853734413046481,0.084797895017505,0.070661307264999,0.014136587752506,0.875,0.125,0
NUAA,W8,force_z,Saturation,Low,310,30,0.0837905538275731,0.0683635945846322,0.0667042787227072,0.072702047355519,0.0600063428501,0.012695704505419,0.838709677419355,0.161290322580645,0
NUAA,W9,force_z,Saturation,Low,77,30,0.0295382346053403,0.0662538645602985,0.0692166282287077,0.066943130751919,0.0282836632183402,0.0386594675335788,0.909090909090909,0.0909090909090909,0
NUAA,W1,force_z,Saturation,Medium,286,30,0.174223453315612,0.0186942616406434,0.0201533966045004,0.0174752330232124,0.0141662091711356,0.00330902385207676,1,0,0
NUAA,W2,force_z,Saturation,Medium,173,30,0.119916882982763,0.021525811445309,0.02286017370093,0.0229109838829932,0.018381121556041,0.00452986232695224,1,0,0
NUAA,W3,force_z,Saturation,Medium,111,30,0.0898998447271634,0.0297249665356482,0.0281183405457889,0.0293557150712314,0.0243442715018612,0.00501144356937024,1,0,0
NUAA,W4,force_z,Saturation,Medium,273,30,0.103112483275103,0.0504159733758449,0.0479467834804908,0.0539002103036612,0.0406560508545746,0.0132441594490866,1,0,0
NUAA,W5,force_z,Saturation,Medium,71,30,0.133460405996868,0.0258738076323296,0.0305980434896802,0.0370001788586819,0.0239316994725357,0.0130684793861462,0.985915492957746,0,0.0140845070422535
NUAA,W6,force_z,Saturation,Medium,142,30,0.101953059306231,0.0350505135809545,0.0346288209510824,0.0344018119766841,0.0307138565808432,0.00368795539584098,1,0,0
NUAA,W7,force_z,Saturation,Medium,80,30,0.115092121930011,0.0779589783770312,0.0761476856862734,0.0775226971239869,0.070256047144472,0.00726664997951486,1,0,0
NUAA,W8,force_z,Saturation,Medium,317,30,0.090807784459437,0.0625760787451432,0.0585744324725348,0.0673700670782706,0.05792469563007,0.00944537144820068,1,0,0
NUAA,W9,force_z,Saturation,Medium,77,30,0.0428577616137207,0.0638820550649643,0.0677762172383655,0.0646642730623495,0.0278928342850793,0.0367714387772701,1,0,0
NUAA,W1,force_z,Saturation,High,308,30,0.135776086759761,0.0179521633303193,0.0197317172444974,0.0163873090754189,0.0135158046928422,0.00287150438257674,1,0,0
NUAA,W2,force_z,Saturation,High,156,30,0.0948403849823682,0.0202400316490388,0.0215764100114292,0.0215812630024051,0.0171148439811373,0.00446641902126779,1,0,0
NUAA,W3,force_z,Saturation,High,111,30,0.068765765902049,0.0302327096511939,0.0278610083284559,0.0294601151461003,0.0219749577601549,0.00748515738594533,1,0,0
NUAA,W4,force_z,Saturation,High,280,30,0.0743079319795332,0.0487641643956951,0.0453648760717811,0.0503878025993631,0.0352504430204881,0.0151373595788751,1,0,0
NUAA,W5,force_z,Saturation,High,67,30,0.102543808415469,0.0238587673241599,0.028026176607443,0.0345415932915793,0.0237710985917827,0.0107704946997967,1,0,0
NUAA,W6,force_z,Saturation,High,130,30,0.0688776032201242,0.0372042940515082,0.0367906042045505,0.036274159196698,0.0288491613940384,0.00742499780265968,1,0,0
NUAA,W7,force_z,Saturation,High,80,30,0.0855312307631358,0.0735492364708746,0.0690007428358283,0.0730516310510811,0.0598272450344757,0.0132243860166054,1,0,0
NUAA,W8,force_z,Saturation,High,303,30,0.10060419040459,0.0606291174422787,0.0569842484814238,0.0657577100022776,0.0563127940236328,0.00944491597864483,1,0,0
NUAA,W9,force_z,Saturation,High,56,30,0.0296469214839576,0.0643429936373526,0.0680082675195925,0.0659278741483595,0.0241868387477296,0.04174103540063,1,0,0
NUAA,W1,force_z,Dropout,Low,285,30,0.0179924149012019,0.0180836209010996,0.0195550991782222,0.0170368121164991,0.0110710326041259,0.0059657795123732,0.803508771929825,0.189473684210526,0.00701754385964912
NUAA,W2,force_z,Dropout,Low,169,30,0.0199384270730462,0.0209787167405151,0.0223591833836942,0.0224742487859131,0.014899078090249,0.00757517069566409,0.72189349112426,0.27810650887574,0
NUAA,W3,force_z,Dropout,Low,98,30,0.031445391595114,0.0279707977444647,0.0264170019752473,0.0274964069686821,0.0184644518964774,0.00903195507220471,0.877551020408163,0.122448979591837,0
NUAA,W4,force_z,Dropout,Low,308,30,0.0621990547079537,0.0508196620446931,0.0491633566829499,0.0514974035066406,0.0398549673198555,0.0116424361867851,0.792207792207792,0.207792207792208,0
NUAA,W5,force_z,Dropout,Low,68,30,0.0184671365073448,0.0248429558729532,0.0263826292058607,0.0321984171232295,0.0135025210641897,0.0186958960590398,0.691176470588235,0.191176470588235,0.117647058823529
NUAA,W6,force_z,Dropout,Low,143,30,0.0437305068159907,0.0408173843408771,0.0402298226104489,0.0403935853934992,0.0352566848423637,0.00513690055113549,0.734265734265734,0.265734265734266,0
NUAA,W7,force_z,Dropout,Low,81,30,0.0755112743086866,0.0770340276403005,0.0747908659817812,0.0766615335437736,0.0608652288712813,0.0157963046724923,0.962962962962963,0.037037037037037,0
NUAA,W8,force_z,Dropout,Low,320,30,0.0605484367728143,0.0610262585668628,0.0577281542028292,0.0654868478442499,0.0532780926811362,0.0122087551631137,0.875,0.125,0
NUAA,W9,force_z,Dropout,Low,80,30,0.0701471165890105,0.0740375259336297,0.0779303325639113,0.0745522555384244,0.0670074934706175,0.00754476206780692,0.725,0.275,0
NUAA,W1,force_z,Dropout,Medium,318,30,0.0276818483158277,0.0175458205947137,0.0191661040014258,0.0164143912207937,0.0098828581390533,0.00653153308174041,0.971698113207547,0.0220125786163522,0.00628930817610063
NUAA,W2,force_z,Dropout,Medium,166,30,0.0290889645610642,0.0195784192718539,0.021285849681946,0.0198162864467931,0.0144882906869229,0.00532799575987028,0.993975903614458,0.00602409638554217,0
NUAA,W3,force_z,Dropout,Medium,115,30,0.0371537457011675,0.0285801231372749,0.0259803860668078,0.0278653267927475,0.0169549348270303,0.0109103919657172,1,0,0
NUAA,W4,force_z,Dropout,Medium,282,30,0.0727694602271839,0.0500658312890326,0.0466318824856157,0.0521547253238087,0.0413604893648821,0.0107942359589266,1,0,0
NUAA,W5,force_z,Dropout,Medium,70,30,0.0230206327968328,0.0245379794982032,0.0274503705463749,0.0347338606582077,0.0136033207682694,0.0211305398899383,0.928571428571429,0,0.0714285714285714
NUAA,W6,force_z,Dropout,Medium,131,30,0.044268551452997,0.0347917321774287,0.0342757586166579,0.034044915440205,0.0255892765108992,0.00845563892930578,0.977099236641221,0.0229007633587786,0
NUAA,W7,force_z,Dropout,Medium,80,30,0.0757223448684286,0.0778887029541467,0.0757594865864246,0.0773796342166296,0.0558596959747746,0.0215199382418549,1,0,0
NUAA,W8,force_z,Dropout,Medium,285,30,0.0785684347662684,0.0625190655737566,0.0589874099381572,0.0675047124661795,0.0569717582282648,0.0105329542379148,1,0,0
NUAA,W9,force_z,Dropout,Medium,74,30,0.0703552280845818,0.0620963230691536,0.0663552293490597,0.063590427482495,0.0585081371110372,0.00508229037145786,0.972972972972973,0.027027027027027,0
NUAA,W1,force_z,Dropout,High,267,30,0.0314405270708638,0.0187163558786838,0.0201399642328242,0.016754468873438,0.0102252659329506,0.00652920294048744,1,0,0
NUAA,W2,force_z,Dropout,High,175,30,0.0447929821610287,0.020918039998247,0.0219948847690452,0.0231204199675278,0.0151306107034826,0.00798980926404518,1,0,0
NUAA,W3,force_z,Dropout,High,117,30,0.0334391391118628,0.0301969420921106,0.0285463905773892,0.0298827801794004,0.0183317720214363,0.0115510081579641,1,0,0
NUAA,W4,force_z,Dropout,High,250,30,0.0559497709381053,0.0521996227077606,0.0490923303325514,0.0557020590458082,0.0359713014682896,0.0197307575775186,1,0,0
NUAA,W5,force_z,Dropout,High,72,30,0.0278468269735943,0.0236478882962387,0.0276413142707282,0.0343104839599905,0.0176367101440515,0.016673773815939,1,0,0
NUAA,W6,force_z,Dropout,High,146,30,0.0493316550863495,0.0370128923482146,0.0366479796080148,0.0362903622880532,0.0276425580270194,0.00864780426103384,1,0,0
NUAA,W7,force_z,Dropout,High,79,30,0.0763826244615303,0.0804328437861831,0.0782812218490849,0.0800762756562736,0.0541391821471803,0.0259370935090933,1,0,0
NUAA,W8,force_z,Dropout,High,325,30,0.145722904065921,0.0627786805476282,0.0589711687027629,0.0678602135908948,0.0582193751866296,0.00964083840426518,1,0,0
NUAA,W9,force_z,Dropout,High,56,30,0.0615982386515119,0.0609153334919985,0.0645941841266134,0.0618808328033256,0.0525043722227351,0.00937646058059049,1,0,0
NUAA,W1,force_z,Bias,Low,303,30,0.0347552240606545,0.0283001977843272,0.0267173653112709,0.0275434417932874,0.0124359497694051,0.0151074920238823,0.174917491749175,0.752475247524752,0.0726072607260726
NUAA,W2,force_z,Bias,Low,174,30,0.0243594228876235,0.019794673840891,0.021262184881896,0.0201967171568286,0.0110632770741951,0.0091334400826335,0.505747126436782,0.494252873563218,0
NUAA,W3,force_z,Bias,Low,114,30,0.0294320230720601,0.0285785044195437,0.0280529125335937,0.028468583730125,0.0206673375166713,0.00780124621345369,0.175438596491228,0.824561403508772,0
NUAA,W4,force_z,Bias,Low,286,30,0.0331835207624036,0.0406226184125413,0.0433610851772592,0.0399368884235922,0.0298864282353283,0.0100504601882639,0.181818181818182,0.776223776223776,0.041958041958042
NUAA,W5,force_z,Bias,Low,74,30,0.0356792017735009,0.0367452193112,0.0387310414708119,0.040002672867128,0.0212926695058842,0.0187100033612438,0.148648648648649,0.702702702702703,0.148648648648649
NUAA,W6,force_z,Bias,Low,139,30,0.0379138284540787,0.0378310008965444,0.0364876283231186,0.0377468871273266,0.0313445626507158,0.00640232447661076,0.0935251798561151,0.906474820143885,0
NUAA,W7,force_z,Bias,Low,95,30,0.0801542991484332,0.0809975929791592,0.0799918003494792,0.0808763998810395,0.0724540874150961,0.00842231246594338,0.126315789473684,0.873684210526316,0
NUAA,W8,force_z,Bias,Low,336,30,0.0676427647461692,0.0669467946246932,0.0674914011537444,0.0672766291222255,0.0564850709225594,0.0107915581996662,0.056547619047619,0.943452380952381,0
NUAA,W9,force_z,Bias,Low,78,30,0.0498779960523972,0.0601457122644688,0.0633402467292229,0.0605171114443256,0.0496750820940035,0.0108420293503221,0.358974358974359,0.641025641025641,0
NUAA,W1,force_z,Bias,Medium,291,30,0.0689327073490906,0.0273929485877893,0.0271280950330386,0.0266004055509386,0.0127422151018959,0.0138581904490427,0.711340206185567,0.285223367697594,0.00343642611683849
NUAA,W2,force_z,Bias,Medium,169,30,0.0528823075616904,0.0234715969640658,0.0252718320458004,0.0248742099895335,0.0149798103063455,0.00989439968318794,0.869822485207101,0.130177514792899,0
NUAA,W3,force_z,Bias,Medium,110,30,0.0340081402538829,0.0291487311940385,0.0277385208642524,0.028639725055048,0.0180596306101191,0.0105800944449289,0.690909090909091,0.309090909090909,0
NUAA,W4,force_z,Bias,Medium,283,30,0.0310036604839171,0.0459068570791505,0.0437855591231315,0.0465821553923096,0.020263481161835,0.0263186742304745,0.696113074204947,0.293286219081272,0.0106007067137809
NUAA,W5,force_z,Bias,Medium,68,30,0.070239459799406,0.0418496060290273,0.0440083304701806,0.049251588023286,0.0247239393608442,0.0245276486624418,0.676470588235294,0.176470588235294,0.147058823529412
NUAA,W6,force_z,Bias,Medium,145,30,0.0463319873278608,0.0398207805574014,0.0391741603872889,0.0393510099402325,0.0275459664510861,0.0118050434891463,0.696551724137931,0.303448275862069,0
NUAA,W7,force_z,Bias,Medium,78,30,0.0688819488168743,0.0727904456659509,0.0705428946024766,0.0723501139029498,0.057061058238823,0.0152890556641268,0.653846153846154,0.346153846153846,0
NUAA,W8,force_z,Bias,Medium,286,30,0.0832358573877026,0.0691375950207566,0.0668778885702301,0.0724906489792189,0.056867318363611,0.0156233306156079,0.657342657342657,0.342657342657343,0
NUAA,W9,force_z,Bias,Medium,64,30,0.0286404220052763,0.0533895655015621,0.0572390536656635,0.054308567577149,0.0275397741083798,0.0267687934687692,0.796875,0.203125,0
NUAA,W1,force_z,Bias,High,276,30,0.117784705643875,0.0302079117266485,0.0290911802521913,0.0295993502211881,0.0143250685484535,0.0152742816727346,0.840579710144927,0.152173913043478,0.0072463768115942
NUAA,W2,force_z,Bias,High,167,30,0.0947426330010258,0.0279195712308144,0.0298552538788293,0.029161427781546,0.0179161350214522,0.0112452927600938,0.898203592814371,0.101796407185629,0
NUAA,W3,force_z,Bias,High,106,30,0.0672379222965036,0.0328041252072075,0.0335023165467126,0.0325625027909718,0.0216236237832233,0.0109388790077485,0.820754716981132,0.179245283018868,0
NUAA,W4,force_z,Bias,High,271,30,0.0765249726777542,0.0478090035013215,0.0435163807982094,0.0480141290883855,0.0335239266066434,0.0144902024817422,0.826568265682657,0.162361623616236,0.011070110701107
NUAA,W5,force_z,Bias,High,68,30,0.116195058880472,0.0462456225109169,0.0490259562176201,0.0542676885930686,0.0255529822351109,0.0287147063579577,0.764705882352941,0.132352941176471,0.102941176470588
NUAA,W6,force_z,Bias,High,136,30,0.0687963819215527,0.0387406411022749,0.0387321934199508,0.038069808538591,0.0274329417524292,0.0106368667861618,0.830882352941177,0.169117647058824,0
NUAA,W7,force_z,Bias,High,67,30,0.102403316972799,0.0887067206014626,0.0899626289202876,0.0883205120034319,0.0719623735021185,0.0163581385013133,0.746268656716418,0.253731343283582,0
NUAA,W8,force_z,Bias,High,308,30,0.115753801266969,0.0758233562623626,0.0727525756395203,0.0798817360622414,0.0599738249451331,0.0199079111171083,0.808441558441558,0.191558441558442,0
NUAA,W9,force_z,Bias,High,68,30,0.0360205521801777,0.0581343188289299,0.0623312735133645,0.0589231060251793,0.0283344742327579,0.0305886317924214,0.852941176470588,0.147058823529412,0
NUAA,W1,force_z,Noise,Low,297,30,0.0366561630793684,0.027854027782584,0.0262753107487589,0.0274857653132056,0.01241125489434,0.0150745104188656,0.225589225589226,0.693602693602694,0.0808080808080808
NUAA,W2,force_z,Noise,Low,177,30,0.0254540831447088,0.0200678863199086,0.0219794507561351,0.0210943499301092,0.0108249995994793,0.0102693503306299,0.435028248587571,0.564971751412429,0
NUAA,W3,force_z,Noise,Low,108,30,0.0309907906747332,0.0306261538173073,0.0295564616575528,0.030612413878653,0.0230644079411505,0.00754800593750248,0.212962962962963,0.787037037037037,0
NUAA,W4,force_z,Noise,Low,311,30,0.0313600055502679,0.0399949135885554,0.0419468351511125,0.0391174531096505,0.0279402498166731,0.0111772032929774,0.231511254019293,0.752411575562701,0.0160771704180064
NUAA,W5,force_z,Noise,Low,67,30,0.0409846554722564,0.0378140032178212,0.0401904865559903,0.0406523775946367,0.0250537412457305,0.0155986363489062,0.194029850746269,0.716417910447761,0.0895522388059701
NUAA,W6,force_z,Noise,Low,146,30,0.0347270730071775,0.0349958896288462,0.0340216601274721,0.0347696360005816,0.028141889283003,0.00662774671757862,0.157534246575342,0.842465753424658,0
NUAA,W7,force_z,Noise,Low,75,30,0.0807897835092596,0.0819659274376171,0.0818583086546937,0.081902479419349,0.0759475017154597,0.00595497770388932,0.173333333333333,0.826666666666667,0
NUAA,W8,force_z,Noise,Low,317,30,0.0697925179674863,0.0679910732144784,0.0685447449790572,0.0685147642056176,0.0558991877007263,0.0126155765048913,0.0851735015772871,0.914826498422713,0
NUAA,W9,force_z,Noise,Low,67,30,0.0403665946375628,0.0517274940412314,0.0549749941289765,0.0519249567507045,0.0402785692653114,0.0116463874853931,0.358208955223881,0.641791044776119,0
NUAA,W1,force_z,Noise,Medium,311,30,0.0947700650654767,0.0271286316762789,0.0272431133992096,0.0257072370328579,0.0136338849996495,0.0120733520332084,0.794212218649518,0.186495176848875,0.0192926045016077
NUAA,W2,force_z,Noise,Medium,162,30,0.0832537119721668,0.0252312782266409,0.027028922438062,0.0267780055962867,0.0178369656117571,0.00894103998452959,0.895061728395062,0.104938271604938,0
NUAA,W3,force_z,Noise,Medium,115,30,0.0458352758306185,0.0279195323430857,0.0280466567911882,0.027498141281336,0.0179279975450905,0.00957014373624557,0.791304347826087,0.208695652173913,0
NUAA,W4,force_z,Noise,Medium,264,30,0.0556705230896112,0.0461639910178912,0.0427792909933457,0.0478187052798704,0.0273021998428914,0.020516505436979,0.78030303030303,0.200757575757576,0.0189393939393939
NUAA,W5,force_z,Noise,Medium,67,30,0.0942071817624482,0.0513205926102097,0.0533563214871807,0.0612083870617149,0.020880943818784,0.0403274432429308,0.701492537313433,0.0746268656716418,0.223880597014925
NUAA,W6,force_z,Noise,Medium,155,30,0.0584971740860074,0.0360210228754973,0.0360400530817752,0.0358675331381398,0.0280380605890846,0.00782947254905518,0.703225806451613,0.296774193548387,0
NUAA,W7,force_z,Noise,Medium,82,30,0.0824360326701515,0.0757678218758075,0.073853575665176,0.0754958601241516,0.0641002272695522,0.0113956328545994,0.731707317073171,0.268292682926829,0
NUAA,W8,force_z,Noise,Medium,300,30,0.116076371496982,0.0778869681785276,0.0766272334194061,0.0810574719125096,0.0583389341427843,0.0227185377697253,0.613333333333333,0.386666666666667,0
NUAA,W9,force_z,Noise,Medium,63,30,0.0321085379148205,0.0565098568246692,0.0599316089557549,0.0574326131803157,0.027965546544009,0.0294670666363067,0.777777777777778,0.222222222222222,0
NUAA,W1,force_z,Noise,High,262,30,0.172610727890072,0.0257283353153706,0.025922132198022,0.0242669816030999,0.0136916463953398,0.0105753352077601,0.912213740458015,0.083969465648855,0.00381679389312977
NUAA,W2,force_z,Noise,High,171,30,0.164517963335625,0.02164323675527,0.0229498440932608,0.0228579608316921,0.0180323666088544,0.00482559422283766,0.994152046783626,0.00584795321637427,0
NUAA,W3,force_z,Noise,High,107,30,0.0888810153450806,0.0276616767880985,0.028860322047328,0.0275164724631238,0.0215115112265227,0.00600496123660113,0.906542056074766,0.0934579439252336,0
NUAA,W4,force_z,Noise,High,265,30,0.144032336773239,0.055428938647273,0.0486164883164413,0.0574814026682996,0.0409051879498655,0.016576214718434,0.883018867924528,0.113207547169811,0.00377358490566038
NUAA,W5,force_z,Noise,High,76,30,0.161978535602282,0.047172803689581,0.0493941422650484,0.0570861503779542,0.0256892562385994,0.0313968941393548,0.855263157894737,0.0394736842105263,0.105263157894737
NUAA,W6,force_z,Noise,High,119,30,0.0989232418555897,0.0402049075853018,0.0405074099867663,0.0394573701147309,0.0327905680246819,0.00666680209004904,0.907563025210084,0.092436974789916,0
NUAA,W7,force_z,Noise,High,83,30,0.103757098146082,0.0752515455328761,0.072415924010963,0.0745997324564743,0.0624664829765637,0.0121332494799106,0.91566265060241,0.0843373493975904,0
NUAA,W8,force_z,Noise,High,313,30,0.189813065130964,0.07869447943275,0.0766414773177288,0.0832157945018951,0.0594568275783636,0.0237589669235315,0.869009584664537,0.130990415335463,0
NUAA,W9,force_z,Noise,High,80,30,0.0621137216804071,0.0638288597626849,0.0675850669147571,0.0649241161395219,0.0394889302105515,0.0254351859289704,0.975,0.025,0
NUAA,W1,vibration_x,Saturation,Low,305,30,0.0189428066278349,0.0205393419763294,0.0201575805840726,0.0206011273556073,0.0181769037873969,0.00242422356821038,1,0,0
NUAA,W2,vibration_x,Saturation,Low,171,30,0.0135277921150606,0.0138702470636028,0.0163371830718643,0.0140308736952569,0.0123584637309142,0.00167240996434278,1,0,0
NUAA,W3,vibration_x,Saturation,Low,101,30,0.0300725484121295,0.0287549398333174,0.0266277513372698,0.0288773532604659,0.024082061054559,0.00479529220590694,1,0,0
NUAA,W4,vibration_x,Saturation,Low,265,30,0.0513153167505276,0.0508249500405795,0.0541190854035649,0.0500420069678833,0.0459486756581849,0.00409333130969832,1,0,0
NUAA,W5,vibration_x,Saturation,Low,75,30,0.0272497003178487,0.0295486824678832,0.0258670769236207,0.0452534223212925,0.0230024298805075,0.022250992440785,1,0,0
NUAA,W6,vibration_x,Saturation,Low,133,30,0.0360818407676256,0.0373116326785757,0.0363102720307366,0.032902465828338,0.0309675003482933,0.00193496548004469,1,0,0
NUAA,W7,vibration_x,Saturation,Low,73,30,0.0796637826513632,0.0804792095941084,0.0792799094996972,0.0803968756289835,0.0723156248777097,0.0080812507512738,1,0,0
NUAA,W8,vibration_x,Saturation,Low,298,30,0.0558878068144511,0.0563909312819527,0.0540892584478221,0.0570237793440333,0.0525654183484886,0.00445836099554463,1,0,0
NUAA,W9,vibration_x,Saturation,Low,55,30,0.0586975603968694,0.054870245080413,0.0604798849724409,0.058749348457343,0.0547087936656191,0.00404055479172393,1,0,0
NUAA,W1,vibration_x,Saturation,Medium,301,30,0.0151162877757634,0.0171039446405197,0.0168607498040415,0.0171315057882886,0.0139578962591969,0.00317360952909171,1,0,0
NUAA,W2,vibration_x,Saturation,Medium,169,30,0.013552633189593,0.0142424910167101,0.0166565421048125,0.014381008798667,0.0117645517712261,0.0026164570274409,1,0,0
NUAA,W3,vibration_x,Saturation,Medium,122,30,0.0310554418101693,0.0282523268230319,0.0260316768223704,0.0283388932099267,0.0228550671536762,0.00548382605625051,1,0,0
NUAA,W4,vibration_x,Saturation,Medium,260,30,0.0494257523890679,0.049978047649561,0.0529739606567553,0.0491830644780346,0.045175379333808,0.00400768514422659,1,0,0
NUAA,W5,vibration_x,Saturation,Medium,70,30,0.0255587772633064,0.0288851481081084,0.0247360428444373,0.0432424824311934,0.0211138345551494,0.022128647876044,1,0,0
NUAA,W6,vibration_x,Saturation,Medium,133,30,0.0358399482077935,0.0368986690227748,0.0358661530550765,0.0335005333738404,0.0310486422537483,0.00245189112009215,1,0,0
NUAA,W7,vibration_x,Saturation,Medium,77,30,0.0757534804783244,0.076233242505896,0.0731140547811812,0.0761821806395288,0.065526939067594,0.0106552415719348,1,0,0
NUAA,W8,vibration_x,Saturation,Medium,331,30,0.0618757893986036,0.0603381044543903,0.0577088032849414,0.060973895717431,0.0562999078380846,0.00467398787934643,1,0,0
NUAA,W9,vibration_x,Saturation,Medium,77,30,0.0577446205745565,0.0495267652614791,0.0551164611738974,0.0542834018214763,0.0494105705949909,0.00487283122648533,1,0,0
NUAA,W1,vibration_x,Saturation,High,264,30,0.0163518262463956,0.0178628311615158,0.0178555317356117,0.0179231181869466,0.00998232226134404,0.00794079592560261,1,0,0
NUAA,W2,vibration_x,Saturation,High,170,30,0.0183007522604942,0.0162891326279912,0.0189039506950929,0.0164631439319978,0.0111489740558969,0.00531416987610092,1,0,0
NUAA,W3,vibration_x,Saturation,High,107,30,0.0357987583787696,0.0310130545583687,0.0281360944361032,0.0310837223672111,0.0248519900297617,0.00623173233744936,1,0,0
NUAA,W4,vibration_x,Saturation,High,315,30,0.053820244316126,0.0499307797731495,0.0533107689768447,0.0488820613313685,0.0451090064253907,0.00377305490597784,1,0,0
NUAA,W5,vibration_x,Saturation,High,65,30,0.0300805201686906,0.0289994861615444,0.0251663766013047,0.0456845608946209,0.0198488194723789,0.0258357414222419,1,0,0
NUAA,W6,vibration_x,Saturation,High,154,30,0.0353046080722597,0.0367797429105845,0.035681888203796,0.0327109346020423,0.0305945980055439,0.00211633659649838,1,0,0
NUAA,W7,vibration_x,Saturation,High,90,30,0.0730821488543197,0.0744797681146927,0.0709166075613637,0.0744542245509562,0.0611236746970324,0.0133305498539238,1,0,0
NUAA,W8,vibration_x,Saturation,High,301,30,0.040430072130221,0.0565042322947897,0.0537652361605009,0.0573303496854947,0.0384525231757739,0.0188778265097208,1,0,0
NUAA,W9,vibration_x,Saturation,High,78,30,0.0606216178069645,0.0517435991338835,0.0574644865359062,0.0562777358896007,0.0516593162770981,0.00461841961250267,1,0,0
NUAA,W1,vibration_x,Dropout,Low,287,30,0.0199923622288349,0.0187574332173778,0.0184160743347912,0.0187625473627569,0.0173344488380218,0.00142809852473507,1,0,0
NUAA,W2,vibration_x,Dropout,Low,165,30,0.0168376150037365,0.0164892770886099,0.0191088118600191,0.0166521945650283,0.0160030012394591,0.000649193325569246,1,0,0
NUAA,W3,vibration_x,Dropout,Low,110,30,0.029100425107183,0.0290775160224269,0.0275037273342177,0.0291792605214236,0.0254105834040491,0.00376867711737451,1,0,0
NUAA,W4,vibration_x,Dropout,Low,299,30,0.0499746493540659,0.0500213357670484,0.0532161809270264,0.0491325848946652,0.0451948698238244,0.00393771507084086,1,0,0
NUAA,W5,vibration_x,Dropout,Low,73,30,0.0284819078816716,0.0304493167857603,0.0268208453720667,0.0470731318129193,0.022414528386263,0.0246586034266563,1,0,0
NUAA,W6,vibration_x,Dropout,Low,158,30,0.0360464939051021,0.0370237165033345,0.0360510963154054,0.032641132507761,0.0307117722371425,0.00192936027061852,1,0,0
NUAA,W7,vibration_x,Dropout,Low,79,30,0.0816978781604719,0.0814687916026436,0.0791369340105481,0.0814071714612384,0.0744004545412337,0.00700671692000468,1,0,0
NUAA,W8,vibration_x,Dropout,Low,307,30,0.058326137259829,0.0569480321210356,0.054396302874102,0.0576702508011448,0.0533909612991458,0.00427928950199897,1,0,0
NUAA,W9,vibration_x,Dropout,Low,66,30,0.0454034166123074,0.0470131155166649,0.0529062142802711,0.0515904431248594,0.0453742143960833,0.00621622872877607,1,0,0
NUAA,W1,vibration_x,Dropout,Medium,270,30,0.0192196962577252,0.018077242188786,0.0180230580818707,0.0181185679411281,0.0168021494536427,0.0013164184874854,1,0,0
NUAA,W2,vibration_x,Dropout,Medium,166,30,0.0141418369729926,0.0139591938652982,0.0163577473127183,0.0140922969602324,0.0133728073642617,0.000719489595970722,1,0,0
NUAA,W3,vibration_x,Dropout,Medium,123,30,0.0301206620945339,0.0303730328086873,0.0276153288149846,0.0304714291841331,0.0259870354868049,0.00448439369732819,1,0,0
NUAA,W4,vibration_x,Dropout,Medium,258,30,0.0505935135865851,0.0498814519946735,0.0523586433969129,0.0490537225417391,0.0449330712141697,0.00412065132756937,1,0,0
NUAA,W5,vibration_x,Dropout,Medium,68,30,0.0291893120993087,0.027935406389377,0.0235657817867392,0.0428470373443023,0.0218056743330134,0.0210413630112889,1,0,0
NUAA,W6,vibration_x,Dropout,Medium,129,30,0.0361528139051424,0.0368813386551389,0.0357275062368484,0.0331363745616338,0.0308533790444012,0.00228299551723266,1,0,0
NUAA,W7,vibration_x,Dropout,Medium,84,30,0.0750663978253756,0.0750969325700107,0.0723536147803968,0.0750505339355241,0.0675617756128458,0.00748875832267832,1,0,0
NUAA,W8,vibration_x,Dropout,Medium,303,30,0.056180857425966,0.0574276831884464,0.0548398858673511,0.0580493523351331,0.0534284106915366,0.00462094164359653,1,0,0
NUAA,W9,vibration_x,Dropout,Medium,70,30,0.0521049915535684,0.0555330718056793,0.0608048395351319,0.0599615546514902,0.0521049915535684,0.00785656309792174,1,0,0
NUAA,W1,vibration_x,Dropout,High,313,30,0.0202284541448278,0.0187358956608864,0.0184836074478273,0.0188331177312242,0.0174173530224203,0.00141576470880391,1,0,0
NUAA,W2,vibration_x,Dropout,High,179,30,0.0141612900488215,0.0140222842189857,0.0165024889852152,0.0141981617803075,0.0135370393076265,0.000661122472681004,1,0,0
NUAA,W3,vibration_x,Dropout,High,97,30,0.0277416750008466,0.0281960807771641,0.0252962279489632,0.0282702216206674,0.0238950713922468,0.00437515022842051,1,0,0
NUAA,W4,vibration_x,Dropout,High,283,30,0.0515749030080529,0.050760797771054,0.0547261891760521,0.0498235852681469,0.0462461180377138,0.00357746723043313,1,0,0
NUAA,W5,vibration_x,Dropout,High,69,30,0.0307289647985533,0.0289952230916098,0.0253184546928671,0.0440657933431183,0.0245349250756803,0.019530868267438,1,0,0
NUAA,W6,vibration_x,Dropout,High,133,30,0.0362611079701218,0.0370421852666907,0.0360116826872948,0.0333623426159943,0.0311373751326355,0.0022249674833588,1,0,0
NUAA,W7,vibration_x,Dropout,High,77,30,0.0739579045985279,0.0740771978072274,0.0710414138151292,0.0740320603081002,0.0663461262742272,0.00768593403387291,1,0,0
NUAA,W8,vibration_x,Dropout,High,320,30,0.0560358078806912,0.0590642192184362,0.0565231205903771,0.0598067507150897,0.0546499449895217,0.00515680572556802,1,0,0
NUAA,W9,vibration_x,Dropout,High,74,30,0.0478334092316439,0.0523951957635416,0.05816813815835,0.056735424769613,0.0478334092316439,0.00890201553796911,1,0,0
NUAA,W1,vibration_x,Bias,Low,289,30,0.0191298978365296,0.018991474854565,0.0178694870800624,0.0187906530418334,0.0164561650125188,0.00233448802931462,0,0.948096885813149,0.0519031141868512
NUAA,W2,vibration_x,Bias,Low,185,30,0.0156288783439353,0.0149544113158768,0.0169454523468471,0.0142439117123693,0.014027907625584,0.000216004086785233,0,0.875675675675676,0.124324324324324
NUAA,W3,vibration_x,Bias,Low,120,30,0.0305879628844649,0.0305879628844649,0.0291553351399352,0.0305879628844649,0.0265169810210736,0.00407098186339125,0,1,0
NUAA,W4,vibration_x,Bias,Low,265,30,0.0484256526029965,0.0482834173648176,0.0499920319924474,0.048277431512788,0.0436988086925879,0.00457862282020003,0,0.962264150943396,0.0377358490566038
NUAA,W5,vibration_x,Bias,Low,65,30,0.0255504589982784,0.0277052777139152,0.0287803752275983,0.0298064182127779,0.0215684057428801,0.00823801246989777,0.215384615384615,0.784615384615385,0
NUAA,W6,vibration_x,Bias,Low,140,30,0.0347059660235045,0.0347647372687436,0.0337636960085169,0.0347929553259973,0.0292225502843294,0.00557040504166791,0.0357142857142857,0.964285714285714,0
NUAA,W7,vibration_x,Bias,Low,89,30,0.0796149501951405,0.0796149501951405,0.0789945643946305,0.0796149501951405,0.0727438484538172,0.00687110174132333,0,1,0
NUAA,W8,vibration_x,Bias,Low,317,30,0.0610493221952603,0.0610493221952603,0.062342066102145,0.0610493221952603,0.0563216935865769,0.00472762860868341,0,1,0
NUAA,W9,vibration_x,Bias,Low,67,30,0.050668041577101,0.050668041577101,0.054462091292878,0.050668041577101,0.049009269793119,0.00165877178398198,0,1,0
NUAA,W1,vibration_x,Bias,Medium,281,30,0.0196315417174585,0.0194847324407571,0.0184062991828537,0.0193724827961237,0.0158472619607417,0.00352522083538199,0,0.928825622775801,0.0711743772241993
NUAA,W2,vibration_x,Bias,Medium,156,30,0.0149367743973312,0.0151476427634886,0.0173272036604024,0.0151726223398289,0.0122218526883799,0.00295076965144898,0,0.916666666666667,0.0833333333333333
NUAA,W3,vibration_x,Bias,Medium,114,30,0.0284423820781886,0.0284792560459671,0.0253168294762313,0.028479315047979,0.0226541450076429,0.00582517004033608,0.0087719298245614,0.991228070175439,0
NUAA,W4,vibration_x,Bias,Medium,301,30,0.05060570160914,0.0504238722440159,0.053177352367283,0.0504325245942209,0.0457683769171614,0.00466414767705951,0,0.956810631229236,0.0431893687707641
NUAA,W5,vibration_x,Bias,Medium,80,30,0.0271949205680954,0.0281039525186099,0.0280939352756261,0.0314344941188508,0.0218564209933601,0.00957807312549068,0.4,0.6,0
NUAA,W6,vibration_x,Bias,Medium,143,30,0.0356021158633233,0.0356403929094106,0.0349212002357467,0.0356644294881162,0.030719696083127,0.00494473340498926,0.027972027972028,0.972027972027972,0
NUAA,W7,vibration_x,Bias,Medium,80,30,0.0770790424409611,0.0769084631372756,0.0737093788202387,0.0769174723791476,0.0681403256213765,0.00877714675777114,0.05,0.95,0
NUAA,W8,vibration_x,Bias,Medium,299,30,0.0583761434147419,0.0583761434147419,0.0598833571680559,0.0583761434147419,0.0527881302252725,0.00558801318946939,0,1,0
NUAA,W9,vibration_x,Bias,Medium,70,30,0.0552469343164168,0.0549856624109228,0.0573739841414651,0.055187726638039,0.0516067634125976,0.00358096322544145,0.0285714285714286,0.971428571428571,0
NUAA,W1,vibration_x,Bias,High,300,30,0.0204776530747498,0.0199655193377985,0.0189072729934464,0.0198344039334659,0.0155970385705135,0.00423736536295235,0.1,0.816666666666667,0.0833333333333333
NUAA,W2,vibration_x,Bias,High,169,30,0.0162291129488203,0.0156351047775449,0.0183735679575801,0.0152227365387175,0.0120212069189584,0.00320152961975914,0.165680473372781,0.715976331360947,0.118343195266272
NUAA,W3,vibration_x,Bias,High,96,30,0.0305551848119868,0.0302781604563383,0.0276288616186732,0.0303027815429824,0.0248743493630644,0.00542843217991799,0.260416666666667,0.739583333333333,0
NUAA,W4,vibration_x,Bias,High,274,30,0.0517843785027538,0.0513566449656085,0.05509084045804,0.0513013221622066,0.0468020930373658,0.00449922912484084,0.193430656934307,0.781021897810219,0.0255474452554745
NUAA,W5,vibration_x,Bias,High,65,30,0.0336458389414947,0.0306346230601537,0.0293778464041943,0.0346276587890464,0.0232969407574849,0.0113307180315614,0.569230769230769,0.430769230769231,0
NUAA,W6,vibration_x,Bias,High,137,30,0.0377427356743008,0.0378200306309621,0.0369141800054481,0.037509091053873,0.0326834215043416,0.00482566954953146,0.0510948905109489,0.948905109489051,0
NUAA,W7,vibration_x,Bias,High,71,30,0.0740888255263814,0.0738500926897047,0.0697958120442534,0.0738053582849336,0.0643549148331596,0.00945044345177404,0.394366197183099,0.605633802816901,0
NUAA,W8,vibration_x,Bias,High,314,30,0.059167482621695,0.0592374290727059,0.0617349976101598,0.0592456111932167,0.0527324395121809,0.00651317168103574,0.0222929936305732,0.977707006369427,0
NUAA,W9,vibration_x,Bias,High,73,30,0.0535439882378824,0.0529806268166332,0.0556155269417493,0.0538934358149242,0.0500886117250185,0.00380482408990571,0.246575342465753,0.753424657534247,0
NUAA,W1,vibration_x,Noise,Low,294,30,0.0188577590955534,0.0187232516719573,0.0176702454621876,0.0185473791324691,0.0171834346183645,0.0013639445141046,0,0.938775510204082,0.0612244897959184
NUAA,W2,vibration_x,Noise,Low,179,30,0.0155860029551974,0.0151668524319792,0.017206616404332,0.0146612398306441,0.0149597689586753,-0.00029852912803123,0,0.877094972067039,0.122905027932961
NUAA,W3,vibration_x,Noise,Low,98,30,0.0301059783179622,0.0301059783179622,0.0280701217138267,0.0301059783179622,0.0257782717939249,0.00432770652403733,0,1,0
NUAA,W4,vibration_x,Noise,Low,291,30,0.0500661608390864,0.0499428838068593,0.0524532942557337,0.0499461597329638,0.0456378480997783,0.00430831163318554,0,0.965635738831615,0.0343642611683849
NUAA,W5,vibration_x,Noise,Low,74,30,0.0236376150835967,0.0292499935244007,0.031372508225905,0.0314629480777383,0.019332654682276,0.0121302933954623,0.162162162162162,0.837837837837838,0
NUAA,W6,vibration_x,Noise,Low,155,30,0.0350282564245972,0.0350282564245972,0.0341343621119804,0.0350282564245972,0.0296272549523925,0.00540100147220471,0,1,0
NUAA,W7,vibration_x,Noise,Low,82,30,0.0730250950916143,0.0730250950916143,0.0691373268142826,0.0730250950916143,0.0646679098819153,0.008357185209699,0,1,0
NUAA,W8,vibration_x,Noise,Low,299,30,0.058347228778213,0.058347228778213,0.0597958866613994,0.058347228778213,0.0528809257577712,0.00546630302044174,0,1,0
NUAA,W9,vibration_x,Noise,Low,65,30,0.0508664188881504,0.0508664188881504,0.0543650169694179,0.0508664188881504,0.0500192782600949,0.000847140628055525,0,1,0
NUAA,W1,vibration_x,Noise,Medium,287,30,0.0198950556172756,0.0197526920148515,0.0186326767043503,0.0195721646713149,0.017614917234896,0.00195724743641889,0,0.944250871080139,0.0557491289198606
NUAA,W2,vibration_x,Noise,Medium,162,30,0.0144220366778936,0.0140653865277856,0.0159878775185368,0.0136104907198881,0.0137037022859981,-9.32115661099749e-05,0,0.839506172839506,0.160493827160494
NUAA,W3,vibration_x,Noise,Medium,125,30,0.0290145964033599,0.0290145964033599,0.0265076431252432,0.0290145964033599,0.0240719372644666,0.00494265913889335,0,1,0
NUAA,W4,vibration_x,Noise,Medium,259,30,0.0500349090367381,0.0499095042953524,0.0527143365372554,0.0499221478831065,0.0456766219314365,0.00424552595166998,0,0.969111969111969,0.0308880308880309
NUAA,W5,vibration_x,Noise,Medium,67,30,0.0252059280784343,0.0287303966651474,0.0312680999158767,0.030156155942049,0.0206301720641341,0.00952598387791494,0.104477611940299,0.895522388059702,0
NUAA,W6,vibration_x,Noise,Medium,144,30,0.0366087850628091,0.0366087850628091,0.035545626363939,0.0366087850628091,0.0313126742995277,0.00529611076328141,0,1,0
NUAA,W7,vibration_x,Noise,Medium,78,30,0.0798104858813753,0.0798104858813753,0.0783440449258315,0.0798104858813753,0.0727530005298582,0.00705748535151707,0,1,0
NUAA,W8,vibration_x,Noise,Medium,319,30,0.063531410847181,0.063531410847181,0.0658482983619223,0.063531410847181,0.0565299746035963,0.00700143624358471,0,1,0
NUAA,W9,vibration_x,Noise,Medium,77,30,0.0579315734124101,0.0579315734124101,0.0611038076672282,0.0579315734124101,0.0562264336886448,0.00170513972376523,0,1,0
NUAA,W1,vibration_x,Noise,High,289,30,0.0198883304364608,0.019675579373235,0.0182199040894768,0.0194428561039092,0.0170028766955678,0.00243997940834137,0,0.910034602076125,0.0899653979238754
NUAA,W2,vibration_x,Noise,High,169,30,0.014953240510731,0.0145282914187609,0.0164019857191763,0.0141599083183639,0.0141400303829879,1.9877935376042e-05,0,0.928994082840237,0.0710059171597633
NUAA,W3,vibration_x,Noise,High,107,30,0.0303549928319911,0.0303549928319911,0.0278599021344076,0.0303549928319911,0.0248508983868433,0.00550409444514778,0,1,0
NUAA,W4,vibration_x,Noise,High,290,30,0.048756951875967,0.0485690226478058,0.0533214245724632,0.0485804271178844,0.0448120673075935,0.00376835981029098,0,0.958620689655172,0.0413793103448276
NUAA,W5,vibration_x,Noise,High,69,30,0.0265123767646118,0.0308462840970079,0.0324670388140137,0.033527005592988,0.0216444475454088,0.0118825580475793,0.260869565217391,0.739130434782609,0
NUAA,W6,vibration_x,Noise,High,121,30,0.0364349343053793,0.0364349343053793,0.0358848902987465,0.0364349343053793,0.0319011419412694,0.00453379236410988,0,1,0
NUAA,W7,vibration_x,Noise,High,80,30,0.077859317473995,0.077859317473995,0.0760485014000896,0.077859317473995,0.0705985216474118,0.00726079582658319,0,1,0
NUAA,W8,vibration_x,Noise,High,312,30,0.0624940099186982,0.0624940099186982,0.0652007602185703,0.0624940099186982,0.0532966291826214,0.0091973807360768,0,1,0
NUAA,W9,vibration_x,Noise,High,68,30,0.0510203303591889,0.0510203303591889,0.0543429556421705,0.0510203303591889,0.0479755261191938,0.00304480423999503,0,1,0
NUAA,W1,vibration_y,Saturation,Low,298,30,0.0171529363587003,0.018660524506103,0.0159033691407078,0.01787254972495,0.0131645237484929,0.00470802597645708,1,0,0
NUAA,W2,vibration_y,Saturation,Low,154,30,0.0159556742394097,0.0153611567135192,0.0176451579982806,0.0150515583120742,0.0139188547480766,0.00113270356399755,1,0,0
NUAA,W3,vibration_y,Saturation,Low,104,30,0.0315118090968673,0.0288823011855341,0.0262624331724657,0.0289119747144575,0.0233171539643529,0.0055948207501046,1,0,0
NUAA,W4,vibration_y,Saturation,Low,279,30,0.03525055225282,0.0421375682854564,0.0432539381606685,0.0456474986428254,0.0328586833201548,0.0127888153226706,1,0,0
NUAA,W5,vibration_y,Saturation,Low,59,30,0.0235899831724352,0.0252184651456484,0.0267503025939901,0.0261776716413788,0.0226986882023288,0.00347898343904998,1,0,0
NUAA,W6,vibration_y,Saturation,Low,152,30,0.0365928478707473,0.0365903540540699,0.0359520193594967,0.0333449153459645,0.0310381869940062,0.00230672835195838,1,0,0
NUAA,W7,vibration_y,Saturation,Low,77,30,0.0780090502638951,0.0778209543108908,0.0770245762674187,0.0755491004939267,0.0689166200210572,0.00663248047286952,1,0,0
NUAA,W8,vibration_y,Saturation,Low,304,30,0.0709609752438124,0.0621104604751137,0.0635886128921393,0.0596930528608771,0.0560349226067796,0.00365813025409746,1,0,0
NUAA,W9,vibration_y,Saturation,Low,73,30,0.0551742679245918,0.0523402142604049,0.0538982465976149,0.0607404397065543,0.0516303113282388,0.00911012837831551,1,0,0
NUAA,W1,vibration_y,Saturation,Medium,276,30,0.0183597836193265,0.0189757088874255,0.0155061107627564,0.0179104757214608,0.00981090651522463,0.00809956920623619,1,0,0
NUAA,W2,vibration_y,Saturation,Medium,182,30,0.0145013769211245,0.0145814884988055,0.0170585430650738,0.0143636692573998,0.0117988714337799,0.0025647978236199,1,0,0
NUAA,W3,vibration_y,Saturation,Medium,105,30,0.0352741312580209,0.0296208704112139,0.0261793007591055,0.0296849552229979,0.022995187053775,0.00668976816922295,1,0,0
NUAA,W4,vibration_y,Saturation,Medium,267,30,0.0356137148018304,0.0442195415823944,0.0446699797411149,0.0471346376551993,0.028770742240668,0.0183638954145313,1,0,0
NUAA,W5,vibration_y,Saturation,Medium,81,30,0.0208199968382957,0.023151326020255,0.0243681427514653,0.024230750235995,0.0174181425526069,0.00681260768338813,1,0,0
NUAA,W6,vibration_y,Saturation,Medium,138,30,0.0344923165492641,0.033969272107012,0.0339786237807711,0.0307647087624459,0.0288153172720137,0.00194939149043229,1,0,0
NUAA,W7,vibration_y,Saturation,Medium,81,30,0.0755204371847797,0.0762236745550355,0.0737304971546628,0.0717183563835229,0.0639697136967647,0.00774864268675816,1,0,0
NUAA,W8,vibration_y,Saturation,Medium,301,30,0.0801575841438008,0.0591560587805525,0.0603095501979596,0.0575599909720157,0.0536116088736967,0.00394838209831906,1,0,0
NUAA,W9,vibration_y,Saturation,Medium,67,30,0.0559119825047671,0.0479468382900122,0.0499950432252982,0.0566340448831772,0.0473641318471176,0.00926991303605954,1,0,0
NUAA,W1,vibration_y,Saturation,High,296,30,0.0217298420770267,0.0191431505320316,0.0160856824199234,0.0182172802723102,0.0103950076695309,0.00782227260277924,1,0,0
NUAA,W2,vibration_y,Saturation,High,174,30,0.0134351044088629,0.0138934805930594,0.016306100291817,0.013660291886038,0.0102067087014295,0.00345358318460856,1,0,0
NUAA,W3,vibration_y,Saturation,High,121,30,0.0299159714353063,0.0278618463970472,0.0260870043024033,0.0278788419880692,0.0237481713477245,0.00413067064034469,1,0,0
NUAA,W4,vibration_y,Saturation,High,294,30,0.138122955401113,0.0416190486712467,0.042504618458456,0.0450506846772538,0.0367750640742336,0.00827562060302016,1,0,0
NUAA,W5,vibration_y,Saturation,High,70,30,0.0198773021855827,0.0222007101092306,0.023985410958258,0.0238831767965537,0.0180507366981775,0.00583244009837621,1,0,0
NUAA,W6,vibration_y,Saturation,High,130,30,0.0397748672873505,0.0372528191185979,0.0367562737392292,0.0328719396422902,0.0296447284012777,0.00322721124101258,1,0,0
NUAA,W7,vibration_y,Saturation,High,82,30,0.0768370471331409,0.0766209742515713,0.0740410800952853,0.0720794024321491,0.0670126793765052,0.00506672305564389,1,0,0
NUAA,W8,vibration_y,Saturation,High,325,30,0.127673520399257,0.0583258686990942,0.0598832512551049,0.0566064526804443,0.0526129780923511,0.00399347458809325,1,0,0
NUAA,W9,vibration_y,Saturation,High,70,30,0.0548697497432105,0.0531505891493157,0.0540746126950773,0.0610922432668082,0.0522299843928699,0.00886225887393828,1,0,0
NUAA,W1,vibration_y,Dropout,Low,315,30,0.0207668790609192,0.0191932961453381,0.0159428547596846,0.0182677069610668,0.0139158094683707,0.00435189749269603,1,0,0
NUAA,W2,vibration_y,Dropout,Low,176,30,0.016197582061736,0.0155913473057951,0.0182107628427749,0.015376408139414,0.014268873604957,0.001107534534457,1,0,0
NUAA,W3,vibration_y,Dropout,Low,108,30,0.0302269860902308,0.0295142394025508,0.0260481239539487,0.029564797190738,0.0242044113085983,0.00536038588213966,1,0,0
NUAA,W4,vibration_y,Dropout,Low,284,30,0.0641535638133704,0.0416098967700823,0.0428236789493081,0.0454677002878849,0.03696565467041,0.00850204561747491,1,0,0
NUAA,W5,vibration_y,Dropout,Low,62,30,0.0243781170800099,0.0231739352140143,0.0244522069145979,0.0242301797091481,0.0217208900084608,0.00250928970068733,1,0,0
NUAA,W6,vibration_y,Dropout,Low,158,30,0.0336647318922603,0.0339823720702486,0.0340511213078118,0.0303270072920053,0.0284070976375378,0.00191990965446753,1,0,0
NUAA,W7,vibration_y,Dropout,Low,66,30,0.077614200262829,0.0776020116673497,0.0757069289421834,0.0739017039334409,0.0686042659067081,0.00529743802673275,1,0,0
NUAA,W8,vibration_y,Dropout,Low,316,30,0.0577917205561396,0.0613229148254765,0.0628304798667959,0.0587377902484475,0.0537317531411121,0.0050060371073354,1,0,0
NUAA,W9,vibration_y,Dropout,Low,67,30,0.0506222326091594,0.0508426997863143,0.0520391218242013,0.0589014912783137,0.0497481053975701,0.00915338588074357,1,0,0
NUAA,W1,vibration_y,Dropout,Medium,291,30,0.0223559813416815,0.0191011309811565,0.016286680999616,0.0182382464016719,0.0133894739998361,0.00484877240183587,1,0,0
NUAA,W2,vibration_y,Dropout,Medium,169,30,0.0147473619266155,0.0138297478417653,0.0160174249695647,0.0135494912566096,0.0121546277947634,0.00139486346184616,1,0,0
NUAA,W3,vibration_y,Dropout,Medium,113,30,0.0295907867039599,0.0293341893256457,0.0275685490204527,0.0293483516820891,0.0250514216838966,0.00429692999819245,1,0,0
NUAA,W4,vibration_y,Dropout,Medium,285,30,0.0648966046604999,0.0441886228849729,0.0452975774282032,0.047617448798163,0.0393186403723794,0.00829880842578365,1,0,0
NUAA,W5,vibration_y,Dropout,Medium,77,30,0.0250811246792268,0.0232807453474743,0.0250012002663123,0.0243907048071643,0.02196960756316,0.00242109724400423,1,0,0
NUAA,W6,vibration_y,Dropout,Medium,124,30,0.0380199280150785,0.038231616984025,0.0374121978513704,0.0346197542192038,0.032287444927628,0.00233230929157579,1,0,0
NUAA,W7,vibration_y,Dropout,Medium,87,30,0.0783384513328815,0.0782869677503016,0.0765939427697708,0.0746746788675954,0.0692079574328077,0.00546672143478772,1,0,0
NUAA,W8,vibration_y,Dropout,Medium,302,30,0.0550363761287541,0.0578162631734156,0.0590403086146912,0.056468450587536,0.0508054972055399,0.00566295338199609,1,0,0
NUAA,W9,vibration_y,Dropout,Medium,78,30,0.0494187441998888,0.0517161559066991,0.053152264934949,0.0603819063588813,0.0493743958208311,0.0110075105380502,1,0,0
NUAA,W1,vibration_y,Dropout,High,264,30,0.0215543436221875,0.018409799666407,0.0152228376915156,0.0174241237959831,0.0128122696724919,0.00461185412349122,1,0,0
NUAA,W2,vibration_y,Dropout,High,165,30,0.015364101230724,0.0142764251683553,0.0166498881222424,0.0140176164737752,0.0128248137050542,0.00119280276872109,1,0,0
NUAA,W3,vibration_y,Dropout,High,109,30,0.0277499117481839,0.0273663567086447,0.0248459057238137,0.0274104927761374,0.0228775310565206,0.00453296171961679,1,0,0
NUAA,W4,vibration_y,Dropout,High,271,30,0.0594353697683872,0.0420222555666699,0.042137847881361,0.0445819257607504,0.0368815590798102,0.00770036668094015,1,0,0
NUAA,W5,vibration_y,Dropout,High,71,30,0.0256439597486484,0.0237717631528965,0.0252103793490288,0.0253329628112236,0.0224765039346012,0.00285645887662238,1,0,0
NUAA,W6,vibration_y,Dropout,High,138,30,0.0359684070776583,0.0361045257919248,0.0356006007991704,0.0326289305795925,0.0304188416545785,0.00221008892501399,1,0,0
NUAA,W7,vibration_y,Dropout,High,87,30,0.0748763050082615,0.0749028970713104,0.0725758721698639,0.0708364262465061,0.0656415470742669,0.00519487917223923,1,0,0
NUAA,W8,vibration_y,Dropout,High,312,30,0.0577702198889426,0.0602721424402705,0.0617357844460288,0.0585087457611618,0.0538931207673577,0.00461562499380416,1,0,0
NUAA,W9,vibration_y,Dropout,High,65,30,0.0492695677312611,0.0509768307767214,0.0528763839881349,0.0592123311198177,0.0489012115005155,0.0103111196193022,1,0,0
NUAA,W1,vibration_y,Bias,Low,308,30,0.0208936170112091,0.0204215701245211,0.0182832237343538,0.0201753743891918,0.0134184460401211,0.0067569283490707,0.12987012987013,0.87012987012987,0
NUAA,W2,vibration_y,Bias,Low,173,30,0.0149646100474143,0.0142095014119883,0.0172508630853959,0.0135797530390401,0.0119099158788544,0.00166983716018574,0.15606936416185,0.739884393063584,0.104046242774566
NUAA,W3,vibration_y,Bias,Low,124,30,0.0295939855235861,0.029369061958436,0.026154522979662,0.0293867331975342,0.0234832380888477,0.00590349510868651,0.185483870967742,0.814516129032258,0
NUAA,W4,vibration_y,Bias,Low,282,30,0.0542314993131522,0.0527434213918713,0.0525816845173757,0.0524129907557681,0.0297213909450998,0.0226915998106684,0.131205673758865,0.868794326241135,0
NUAA,W5,vibration_y,Bias,Low,72,30,0.0254529585980112,0.0306537731915832,0.0322647469885482,0.0331026200037133,0.0222807215706936,0.0108218984330197,0.0833333333333333,0.736111111111111,0.180555555555556
NUAA,W6,vibration_y,Bias,Low,151,30,0.0338775622768315,0.033912431763966,0.0326432865411576,0.0333550588043404,0.0278900559973949,0.00546500280694553,0.132450331125828,0.867549668874172,0
NUAA,W7,vibration_y,Bias,Low,79,30,0.0790465517928718,0.0790235131136479,0.077634682000094,0.0796067986650908,0.0703559584633488,0.00925084020174196,0.0759493670886076,0.924050632911392,0
NUAA,W8,vibration_y,Bias,Low,319,30,0.0600857127721219,0.0598760802314868,0.0615611668947923,0.0597607541363504,0.047893310796267,0.0118674433400833,0.0940438871473354,0.905956112852665,0
NUAA,W9,vibration_y,Bias,Low,57,30,0.0507869388613396,0.0507869388613396,0.0535550547264296,0.0507869388613396,0.0482854196577822,0.00250151920355737,0,1,0
NUAA,W1,vibration_y,Bias,Medium,292,30,0.0240946383820906,0.0193732413079892,0.0166556755007762,0.0186719521609858,0.011398951175975,0.00727300098501071,0.654109589041096,0.345890410958904,0
NUAA,W2,vibration_y,Bias,Medium,166,30,0.0169079005972193,0.0157035455490296,0.0176077775917223,0.0155378830630343,0.0120685724009008,0.00346931066213355,0.58433734939759,0.373493975903614,0.0421686746987952
NUAA,W3,vibration_y,Bias,Medium,98,30,0.0295693366285207,0.0288233562477423,0.0273249464319834,0.0288413411416841,0.0238824706686873,0.00495887047299679,0.581632653061224,0.418367346938776,0
NUAA,W4,vibration_y,Bias,Medium,285,30,0.0761631210819261,0.0489676946002716,0.0486446732571834,0.0495532380425992,0.0299609982421704,0.0195922398004287,0.582456140350877,0.417543859649123,0
NUAA,W5,vibration_y,Bias,Medium,60,30,0.0294555715163651,0.0289797279878374,0.0304604514434513,0.0294763177560588,0.0221978590925773,0.00727845866348148,0.466666666666667,0.416666666666667,0.116666666666667
NUAA,W6,vibration_y,Bias,Medium,144,30,0.0359458168022918,0.0362612299585338,0.0356078461545295,0.034990360948942,0.0309403344721466,0.00405002647679541,0.590277777777778,0.409722222222222,0
NUAA,W7,vibration_y,Bias,Medium,77,30,0.0753590514806173,0.075331669066317,0.0724402190688291,0.0717179712509811,0.0654673659877613,0.00625060526321983,0.597402597402597,0.402597402597403,0
NUAA,W8,vibration_y,Bias,Medium,310,30,0.058114100956329,0.0583316729914269,0.0596485666873647,0.0564803951097684,0.0399851121323302,0.0164952829774381,0.535483870967742,0.464516129032258,0
NUAA,W9,vibration_y,Bias,Medium,81,30,0.0497615623458696,0.0511645994963862,0.0525183171943721,0.0549014112751271,0.0457869033774307,0.0091145078976964,0.469135802469136,0.530864197530864,0
NUAA,W1,vibration_y,Bias,High,270,30,0.0294067685491122,0.0181665802265099,0.0156055904057596,0.0175224987795141,0.0103136904722723,0.00720880830724182,0.8,0.2,0
NUAA,W2,vibration_y,Bias,High,171,30,0.0179035714945153,0.0140011920436075,0.0165559048732317,0.0137417355307571,0.0103871009649812,0.00335463456577583,0.812865497076023,0.169590643274854,0.0175438596491228
NUAA,W3,vibration_y,Bias,High,108,30,0.0298586539913894,0.0290876897505763,0.0267536794762523,0.0291106656811805,0.0234379261118586,0.00567273956932189,0.796296296296296,0.203703703703704,0
NUAA,W4,vibration_y,Bias,High,273,30,0.11167616399338,0.0470182585241949,0.0464540491116883,0.0491714047223447,0.0322159464003319,0.0169554583220128,0.824175824175824,0.175824175824176,0
NUAA,W5,vibration_y,Bias,High,78,30,0.0255715114926247,0.0258180748724988,0.0269890350728935,0.026614274838456,0.016279014071375,0.0103352607670809,0.717948717948718,0.153846153846154,0.128205128205128
NUAA,W6,vibration_y,Bias,High,125,30,0.0382433697808166,0.0378569440835038,0.0373784842509341,0.034781973944536,0.0318873681206892,0.00289460582384684,0.792,0.208,0
NUAA,W7,vibration_y,Bias,High,84,30,0.0761691517929464,0.076430723387151,0.0740959267423728,0.0749038050482786,0.0663129553916125,0.00859084965666604,0.80952380952381,0.19047619047619,0
NUAA,W8,vibration_y,Bias,High,301,30,0.0631378121538056,0.0568507541858895,0.0582674673716544,0.0562342064849221,0.0381208181948276,0.0181133882900946,0.770764119601329,0.229235880398671,0
NUAA,W9,vibration_y,Bias,High,72,30,0.0480627044442432,0.0503843311919182,0.0520776172890465,0.0563172861568774,0.0421457248130041,0.0141715613438733,0.694444444444444,0.305555555555556,0
NUAA,W1,vibration_y,Noise,Low,296,30,0.0190720332558734,0.0188496745443632,0.0178146907985509,0.0185368176267399,0.0141258108821271,0.00441100674461282,0.0844594594594595,0.915540540540541,0
NUAA,W2,vibration_y,Noise,Low,176,30,0.0135454419971601,0.0138599933213254,0.0155988418087166,0.0138207790178171,0.0121116927335461,0.00170908628427101,0,0.886363636363636,0.113636363636364
NUAA,W3,vibration_y,Noise,Low,106,30,0.0296360205462433,0.0296360205462433,0.0282406967655158,0.0296360205462433,0.024925121644609,0.00471089890163425,0,1,0
NUAA,W4,vibration_y,Noise,Low,271,30,0.0525049423009065,0.0524494826455155,0.0530527756699654,0.0524396317454158,0.0368571531882981,0.0155824785571177,0.040590405904059,0.959409594095941,0
NUAA,W5,vibration_y,Noise,Low,65,30,0.0244145710706565,0.0274062262670587,0.028527868078267,0.0286324356210725,0.02218582059149,0.00644661502958246,0,0.907692307692308,0.0923076923076923
NUAA,W6,vibration_y,Noise,Low,136,30,0.0332485528515066,0.0332485528515066,0.0326944855579243,0.0332485528515066,0.0282198900840486,0.00502866276745806,0,1,0
NUAA,W7,vibration_y,Noise,Low,89,30,0.0742439588169643,0.0742439588169643,0.0719525929126623,0.0742439588169643,0.0650014920816265,0.00924246673533776,0,1,0
NUAA,W8,vibration_y,Noise,Low,311,30,0.0571068986608377,0.0571068986608377,0.05823539418915,0.0571068986608377,0.053022040423038,0.00408485823779967,0,1,0
NUAA,W9,vibration_y,Noise,Low,60,30,0.0569938564237548,0.0569938564237548,0.0597096320060972,0.0569938564237548,0.0556394711209608,0.00135438530279404,0,1,0
NUAA,W1,vibration_y,Noise,Medium,278,30,0.0191206959003705,0.0188641754039977,0.0180160785770763,0.0186066815096724,0.0147389768705105,0.00386770463916189,0.0611510791366906,0.938848920863309,0
NUAA,W2,vibration_y,Noise,Medium,167,30,0.0151528084284397,0.014600242182963,0.0174099833918633,0.0138773153770704,0.0137201959408304,0.000157119436239983,0,0.892215568862275,0.107784431137725
NUAA,W3,vibration_y,Noise,Medium,103,30,0.0292719225800484,0.0292719225800484,0.0266750641825842,0.0292719225800484,0.02308756673529,0.00618435584475844,0,1,0
NUAA,W4,vibration_y,Noise,Medium,292,30,0.0605035946829919,0.0606377950073472,0.058817597767497,0.0606303148251108,0.0369377006007241,0.0236926142243867,0.0308219178082192,0.969178082191781,0
NUAA,W5,vibration_y,Noise,Medium,73,30,0.0252741848154506,0.0297138557690155,0.030933551258551,0.0314341297017672,0.0231152077852542,0.00831892191651305,0,0.863013698630137,0.136986301369863
NUAA,W6,vibration_y,Noise,Medium,153,30,0.0342322883058244,0.0342322883058244,0.0330777282286306,0.0342322883058244,0.0283980872183483,0.00583420108747613,0,1,0
NUAA,W7,vibration_y,Noise,Medium,71,30,0.0792479987778559,0.0792479987778559,0.0778258927459072,0.0792479987778559,0.0707572019964544,0.00849079678140155,0,1,0
NUAA,W8,vibration_y,Noise,Medium,309,30,0.0516328309938931,0.0516328309938931,0.0522728179153258,0.0516328309938931,0.0492221819229711,0.00241064907092201,0,1,0
NUAA,W9,vibration_y,Noise,Medium,76,30,0.0449615268412147,0.0449615268412147,0.0461930479451159,0.0449615268412147,0.044323475579022,0.000638051262192671,0,1,0
NUAA,W1,vibration_y,Noise,High,296,30,0.0165742642175259,0.0168534576194722,0.016037468875459,0.0166618841432842,0.0130763046823069,0.00358557946097727,0.168918918918919,0.831081081081081,0
NUAA,W2,vibration_y,Noise,High,167,30,0.0157371900082455,0.0147100858914995,0.0178346608119344,0.0136197403817039,0.0141571569262595,-0.00053741654455567,0.0239520958083832,0.844311377245509,0.131736526946108
NUAA,W3,vibration_y,Noise,High,121,30,0.0306552050360623,0.0303995845174407,0.0272200834990752,0.030407837944958,0.0227263413390485,0.00768149660590949,0.0413223140495868,0.958677685950413,0
NUAA,W4,vibration_y,Noise,High,277,30,0.0754643755347558,0.0673640339327722,0.0625802900848388,0.0668489840032219,0.0392791920918712,0.0275697919113508,0.205776173285199,0.794223826714801,0
NUAA,W5,vibration_y,Noise,High,72,30,0.0231997318679447,0.0293725345848903,0.0302940743062167,0.0317479550115411,0.0209793691308181,0.010768585880723,0.0416666666666667,0.763888888888889,0.194444444444444
NUAA,W6,vibration_y,Noise,High,131,30,0.0409538606399131,0.0409537611681036,0.0394068351165896,0.0409767383845636,0.0346742436834365,0.00630249470112701,0.0152671755725191,0.984732824427481,0
NUAA,W7,vibration_y,Noise,High,80,30,0.0779078488149842,0.0778927609327758,0.0753133657922427,0.0782712650768929,0.0682310453503972,0.0100402197264957,0.025,0.975,0
NUAA,W8,vibration_y,Noise,High,310,30,0.0437983659087257,0.045039130570368,0.0455740833002307,0.0448089436336485,0.0419077104921894,0.00290123314145915,0.0387096774193548,0.961290322580645,0
NUAA,W9,vibration_y,Noise,High,74,30,0.0490504203364334,0.0490504203364334,0.0482704606602479,0.0490504203364334,0.048876473810836,0.000173946525597402,0,1,0
PHM2010,c1,force_z,Saturation,Low,3158,30,0.0116045131245084,0.00619564867120939,0.00695498220843731,0.00731069514869045,0.00474143383550804,0.0025692613131824,1,0,0
PHM2010,c4,force_z,Saturation,Low,3089,30,0.0150920908400137,0.0164516569601417,0.0161779384881867,0.0140043511662607,0.0124659150364958,0.00153843612976485,1,0,0
PHM2010,c6,force_z,Saturation,Low,3161,30,0.0195290061885617,0.0170283444820718,0.0103557923100951,0.0116311721071489,0.00720853646772731,0.00442263563942162,1,0,0
PHM2010,c1,force_z,Saturation,Medium,3125,30,0.0124590161831063,0.00646604991875874,0.00732871742067348,0.00767454371376408,0.00500799770124407,0.00266654601252001,1,0,0
PHM2010,c4,force_z,Saturation,Medium,3234,30,0.0124581501562899,0.0165746909847679,0.0162544414341894,0.0140726640677867,0.01135086153687,0.00272180253091666,1,0,0
PHM2010,c6,force_z,Saturation,Medium,3102,30,0.0338069531225545,0.0168118574310661,0.0102072821608272,0.0114845215197507,0.00743938918585717,0.00404513233389354,1,0,0
PHM2010,c1,force_z,Saturation,High,3167,30,0.00913249680880043,0.0061225559370775,0.00701714376726409,0.00731126740928326,0.00441007369086339,0.00290119371841987,1,0,0
PHM2010,c4,force_z,Saturation,High,3127,30,0.010832804554519,0.0165851298990795,0.0162649420772235,0.0140519496191489,0.00832816809727312,0.00572378152187579,1,0,0
PHM2010,c6,force_z,Saturation,High,3187,30,0.0433157967415885,0.0167318584700014,0.0102830146373934,0.0114236865928291,0.00791566937614774,0.0035080172166814,1,0,0
PHM2010,c1,force_z,Dropout,Low,3149,30,0.00707837001503325,0.00611983816432293,0.00694042634961542,0.00727394922450091,0.00415997820588975,0.00311397101861116,1,0,0
PHM2010,c4,force_z,Dropout,Low,3193,30,0.0159524992241189,0.0167018720409767,0.0163710907278086,0.0141601995923913,0.0131375593221356,0.0010226402702557,1,0,0
PHM2010,c6,force_z,Dropout,Low,3198,30,0.0192532456813271,0.0169704028053117,0.0103995155004517,0.0116514968223211,0.00565435084762492,0.00599714597469616,1,0,0
PHM2010,c1,force_z,Dropout,Medium,3123,30,0.00965017670679351,0.00642782428997793,0.00734529802064136,0.00767372638491504,0.00416663151578252,0.00350709486913252,1,0,0
PHM2010,c4,force_z,Dropout,Medium,3194,30,0.016690563760215,0.0167092881524545,0.0163919938208033,0.0141807984056014,0.0132489996816835,0.000931798723917937,1,0,0
PHM2010,c6,force_z,Dropout,Medium,3116,30,0.0326281775595841,0.0167647020474096,0.0103840797719669,0.0114549757491358,0.00609541079268959,0.00535956495644622,1,0,0
PHM2010,c1,force_z,Dropout,High,3178,30,0.0180965184127024,0.00623566189914121,0.00701529319426466,0.0073487082008289,0.00346412036683219,0.0038845878339967,1,0,0
PHM2010,c4,force_z,Dropout,High,3063,30,0.0175025931832459,0.016188337056239,0.0159229737205734,0.0137786142346992,0.0129200449235037,0.000858569311195493,1,0,0
PHM2010,c6,force_z,Dropout,High,3136,30,0.061474510548164,0.0168339451057958,0.0100622363726327,0.0114295977947133,0.00763082443914394,0.00379877335556936,1,0,0
PHM2010,c1,force_z,Bias,Low,3171,30,0.00868451302840124,0.00663562514568709,0.00878724845344283,0.00763252739676053,0.00435444971521235,0.00327807768154818,0.257332071901608,0.704194260485651,0.0384736676127405
PHM2010,c4,force_z,Bias,Low,3146,30,0.0147270684940298,0.0149454138579391,0.0148295291140481,0.0142700550786328,0.012436409891842,0.00183364518679077,0.306738715829625,0.681500317863954,0.0117609663064209
PHM2010,c6,force_z,Bias,Low,3163,30,0.0144710217407829,0.0150082591231111,0.0125452849484005,0.0142977923819635,0.00759886553146679,0.00669892685049672,0.0765096427442302,0.92349035725577,0
PHM2010,c1,force_z,Bias,Medium,3173,30,0.0106599675292436,0.00641009153675377,0.00849785119273347,0.00785873313919251,0.00432960648188345,0.00352912665730906,0.550583044437441,0.417901040025213,0.0315159155373464
PHM2010,c4,force_z,Bias,Medium,3200,30,0.0151015875865738,0.0151048370375883,0.0149896921114715,0.0138006768843712,0.0121380223114047,0.00166265457296648,0.661875,0.33375,0.004375
PHM2010,c6,force_z,Bias,Medium,3134,30,0.0157496593785714,0.0170207801107074,0.0137816638715679,0.0148222955700174,0.00737293852926022,0.00744935704075718,0.293873643905552,0.706126356094448,0
PHM2010,c1,force_z,Bias,High,3106,30,0.0127146686407471,0.00621651119442164,0.00754988514681793,0.0077196498901275,0.00440056204135245,0.00331908784877506,0.838377334191887,0.13586606567933,0.025756600128783
PHM2010,c4,force_z,Bias,High,3104,30,0.0158957957108636,0.016637257881185,0.0163201399652124,0.0142193023298411,0.0120026675104693,0.00221663481937175,0.969716494845361,0.0273840206185567,0.00289948453608247
PHM2010,c6,force_z,Bias,High,3153,30,0.0204243875513679,0.0169191305310678,0.0125156079282158,0.0133725612152606,0.00729682631070865,0.00607573490455197,0.636536631779258,0.363463368220742,0
PHM2010,c1,force_z,Noise,Low,3141,30,0.00812871885275637,0.00806778961000093,0.0108502549942778,0.00831166114267496,0.00455930420433065,0.00375235693834431,0.011779687997453,0.941419929958612,0.0468003820439351
PHM2010,c4,force_z,Noise,Low,3061,30,0.014654935933228,0.0148999202036248,0.0147953650157195,0.0146689607315534,0.012635015677938,0.0020339450536154,0.0548840248284874,0.932701731460307,0.0124142437112055
PHM2010,c6,force_z,Noise,Low,3165,30,0.0154728492531447,0.0154782338508604,0.0124759864728995,0.0154539596296341,0.00725082107210858,0.00820313855752551,0.00315955766192733,0.996840442338073,0
PHM2010,c1,force_z,Noise,Medium,3119,30,0.00853306245338678,0.00819249377156527,0.0106775296393421,0.00848029507420629,0.00433804339042109,0.0041422516837852,0.166399487015069,0.78775248477076,0.0458480282141712
PHM2010,c4,force_z,Noise,Medium,3243,30,0.0145444528247729,0.0153432509301639,0.0150783659833262,0.0143545443483502,0.0120450111478779,0.00230953320047222,0.354301572617946,0.632130743139069,0.0135676842429849
PHM2010,c6,force_z,Noise,Medium,3162,30,0.0166244262476125,0.0166939147762228,0.0150100091402458,0.0164677788102293,0.00646019119576843,0.0100075876144608,0.0313092979127135,0.968690702087287,0
PHM2010,c1,force_z,Noise,High,3190,30,0.00985212504843954,0.00761319734539252,0.00935699824907923,0.00835914932258409,0.0040411656768532,0.00431798364573088,0.507523510971787,0.453605015673981,0.038871473354232
PHM2010,c4,force_z,Noise,High,3146,30,0.0153861677456633,0.0163094208365748,0.0159418920033028,0.0143455763340344,0.011584432286291,0.0027611440477434,0.739351557533376,0.250158931977114,0.0104895104895105
PHM2010,c6,force_z,Noise,High,3123,30,0.0178762902510135,0.0178639589803585,0.0165467500038699,0.0165417143524874,0.0062464353149008,0.0102952790375866,0.224143451809158,0.775856548190842,0
PHM2010,c1,vibration_x,Saturation,Low,3065,30,0.00933670287347557,0.00706422837679248,0.00904164754495129,0.0103961248553127,0.00593094462710195,0.00446518022821071,0.997716150081566,0,0.00228384991843393
PHM2010,c4,vibration_x,Saturation,Low,3117,30,0.01578016864389,0.0173627095695958,0.0177623861495206,0.0157845336905858,0.0145106046595378,0.00127392903104804,1,0,0
PHM2010,c6,vibration_x,Saturation,Low,3114,30,0.0129126771447648,0.0119548874052898,0.0107010658241052,0.0129300041592652,0.00807814050786707,0.00485186365139813,1,0,0
PHM2010,c1,vibration_x,Saturation,Medium,3185,30,0.0104700173537806,0.00680925611950703,0.00876894635758917,0.0101710477188151,0.00564662582334215,0.0045244218954729,0.995290423861852,0,0.00470957613814757
PHM2010,c4,vibration_x,Saturation,Medium,3089,30,0.0168909882525125,0.0174584263288734,0.0178724838797747,0.0158823745938549,0.0140853831588908,0.0017969914349641,1,0,0
PHM2010,c6,vibration_x,Saturation,Medium,3126,30,0.0221293704340047,0.0119266314631007,0.0107413824380242,0.0128933881190347,0.00766827485709843,0.0052251132619363,1,0,0
PHM2010,c1,vibration_x,Saturation,High,3200,30,0.00747153880542329,0.00648036033392495,0.00844259705991549,0.00980994836684942,0.00517174458525184,0.00463820378159757,0.9975,0,0.0025
PHM2010,c4,vibration_x,Saturation,High,3244,30,0.0148634311123325,0.0174085230087112,0.0178096269673625,0.0157964494291728,0.0142548437483391,0.00154160568083371,1,0,0
PHM2010,c6,vibration_x,Saturation,High,3210,30,0.0242281722537757,0.011873864998037,0.0105945378571161,0.0128508396987463,0.00766035409093904,0.00519048560780725,1,0,0
PHM2010,c1,vibration_x,Dropout,Low,3209,30,0.00736515471867551,0.0064620617811981,0.00832109270783503,0.00970600472924027,0.00524335458712925,0.00446265014211101,0.996260517295108,0,0.00373948270489249
PHM2010,c4,vibration_x,Dropout,Low,3155,30,0.0148552947141614,0.0175592134900495,0.0179411884560163,0.0159431922816446,0.0143084231455093,0.00163476913613525,1,0,0
PHM2010,c6,vibration_x,Dropout,Low,3145,30,0.0154373929714774,0.0154633475642777,0.011971192529969,0.015418420214545,0.00836972950907173,0.00704869070547323,0.00540540540540541,0.987599364069952,0.00699523052464229
PHM2010,c1,vibration_x,Dropout,Medium,3105,30,0.00746623944791033,0.00684939747507146,0.00886565494045604,0.0102318571749715,0.00556440492545263,0.0046674522495189,0.997423510466989,0,0.00257648953301127
PHM2010,c4,vibration_x,Dropout,Medium,3187,30,0.014199742239571,0.0172772044112238,0.0177102821716628,0.0157432515100562,0.0135278292152468,0.00221542229480942,1,0,0
PHM2010,c6,vibration_x,Dropout,Medium,3067,30,0.0166822539847858,0.014245050995692,0.0115539025655758,0.014700822715674,0.00805028672481175,0.00665053599086223,0.474404955983045,0.521030322791001,0.0045647212259537
PHM2010,c1,vibration_x,Dropout,High,3136,30,0.00749245672657031,0.00702179727943247,0.00905011890083616,0.0104197860329156,0.00565599689990024,0.00476378913301535,0.996811224489796,0,0.00318877551020408
PHM2010,c4,vibration_x,Dropout,High,3108,30,0.0141457732404005,0.0173938623805994,0.0177930409765066,0.0157754872493798,0.013294183275938,0.00248130397344183,1,0,0
PHM2010,c6,vibration_x,Dropout,High,3238,30,0.0169131255832995,0.0119102589304908,0.0107623677497583,0.0128664256667514,0.00827745597995364,0.00458896968679774,1,0,0
PHM2010,c1,vibration_x,Bias,Low,3169,30,0.00831710553675729,0.00822767476263302,0.0106060142924026,0.00847301210910699,0.0055869012558369,0.00288611085327009,0.0347112653834017,0.93846639318397,0.0268223414326286
PHM2010,c4,vibration_x,Bias,Low,3009,30,0.0151125727067498,0.0154761854965131,0.015455888745958,0.0151831872784733,0.0143869754476621,0.000796211830811245,0.0651379195746095,0.918577600531738,0.0162844798936524
PHM2010,c6,vibration_x,Bias,Low,3110,30,0.0157665055139407,0.0157891347790196,0.0117629448342914,0.015762376812746,0.00758465712974572,0.00817771968300026,0.00418006430868167,0.989389067524116,0.00643086816720257
PHM2010,c1,vibration_x,Bias,Medium,3103,30,0.00957390684291369,0.008765501057581,0.010935688987721,0.00966257944833907,0.00566317116062147,0.0039994082877176,0.122784402191428,0.852078633580406,0.0251369642281663
PHM2010,c4,vibration_x,Bias,Medium,3189,30,0.0163678322772341,0.0170471245495842,0.0169897270820912,0.0164803052713012,0.0146483532428598,0.00183195202844148,0.292881781122609,0.693007212292255,0.0141110065851364
PHM2010,c6,vibration_x,Bias,Medium,3194,30,0.0198900431119155,0.0198760152467014,0.0139941323745089,0.0198879359989265,0.00731253874212886,0.0125753972567977,0.00907952410770194,0.984971822166562,0.00594865372573575
PHM2010,c1,vibration_x,Bias,High,3178,30,0.0111681713574751,0.00886454874452629,0.0107171879721097,0.0104322023955738,0.00567044344845395,0.00476175894711983,0.271554436752675,0.700440528634361,0.0280050346129641
PHM2010,c4,vibration_x,Bias,High,3252,30,0.017842225341257,0.0177985384980009,0.0178212104998921,0.0169956825776962,0.0143107412221371,0.00268494135555911,0.535670356703567,0.450184501845018,0.0141451414514145
PHM2010,c6,vibration_x,Bias,High,3146,30,0.0250420774354823,0.0249302075894272,0.0167560633475902,0.0249303871750457,0.00709891586855249,0.0178314713064932,0.00985378258105531,0.983471074380165,0.0066751430387794
PHM2010,c1,vibration_x,Noise,Low,3195,30,0.00806752400092399,0.00802968821383119,0.0103667646749342,0.00817949823734044,0.00542870886488511,0.00275078937245533,0.0122065727699531,0.95962441314554,0.028169014084507
PHM2010,c4,vibration_x,Noise,Low,3106,30,0.0153516924314356,0.0154806746518483,0.0155000972652861,0.0153740141635948,0.014638465440908,0.000735548722686881,0.00354153251770766,0.981970379909852,0.0144880875724404
PHM2010,c6,vibration_x,Noise,Low,3213,30,0.0144098888274342,0.0144316109946516,0.0112896567473427,0.0143940047348279,0.00823447316360993,0.00615953157121794,0.000311235605353252,0.993775287892935,0.0059134765017118
PHM2010,c1,vibration_x,Noise,Medium,3105,30,0.00957258333376714,0.00952310374805561,0.0116525475886938,0.00969547172722629,0.00563004333529245,0.00406542839193386,0.0135265700483092,0.95877616747182,0.0276972624798712
PHM2010,c4,vibration_x,Noise,Medium,3128,30,0.0161811040719333,0.0163336158520321,0.0163129954079526,0.0162380478586338,0.014453643198991,0.00178440465964278,0.000319693094629156,0.983056265984655,0.0166240409207161
PHM2010,c6,vibration_x,Noise,Medium,3105,30,0.0148317798035351,0.0148563129778669,0.0113176227295476,0.0148138907862111,0.00808506774254957,0.00672882304366152,0.000322061191626409,0.994202898550725,0.00547504025764895
PHM2010,c1,vibration_x,Noise,High,3150,30,0.0119831070700568,0.0118515594314541,0.0137362416791286,0.0120382544947865,0.00582571218700946,0.00621254230777709,0.0165079365079365,0.954920634920635,0.0285714285714286
PHM2010,c4,vibration_x,Noise,High,3216,30,0.0183046615633987,0.0184948777217876,0.0184531760606992,0.0184022728814586,0.0144884333413282,0.00391383954013042,0.00404228855721393,0.979477611940298,0.0164800995024876
PHM2010,c6,vibration_x,Noise,High,3132,30,0.0161007260472259,0.0161315457363329,0.0114275125135954,0.0160817025123139,0.0077709910990922,0.00831071141322166,0,0.992337164750958,0.00766283524904215
PHM2010,c1,vibration_y,Saturation,Low,3141,30,0.0083615381476477,0.00762327103645449,0.00962210481586564,0.00968118994230927,0.00639984741148316,0.0032813425308261,0.996497930595352,0,0.0035020694046482
PHM2010,c4,vibration_y,Saturation,Low,3204,30,0.0159907245563925,0.0180161857876808,0.0181361678398547,0.0169224211589815,0.0155011157229185,0.00142130543606303,1,0,0
PHM2010,c6,vibration_y,Saturation,Low,3115,30,0.0161111537313649,0.0118285482701075,0.0116524549896869,0.012500312487408,0.0070048931916369,0.00549541929577115,1,0,0
PHM2010,c1,vibration_y,Saturation,Medium,3128,30,0.00939874576567598,0.00763946547294747,0.00971286386815802,0.00982520236662821,0.00649057688375607,0.00333462548287213,0.996483375959079,0,0.00351662404092072
PHM2010,c4,vibration_y,Saturation,Medium,3155,30,0.0167733166735231,0.0177536366560147,0.0179035765228681,0.0167895679274614,0.0155353631738489,0.00125420475361247,1,0,0
PHM2010,c6,vibration_y,Saturation,Medium,3218,30,0.0209737377634522,0.0115935165789256,0.0113865569868974,0.0123349238026409,0.00682713908037935,0.00550778472226152,1,0,0
PHM2010,c1,vibration_y,Saturation,High,3181,30,0.008719392988191,0.00767637875445532,0.00976495578859497,0.0098611653424337,0.00649981168687421,0.00336135365555949,0.997485067588809,0,0.00251493241119145
PHM2010,c4,vibration_y,Saturation,High,3091,30,0.0160884171052621,0.0179257363816084,0.0180842990163098,0.016927387825186,0.015487597219897,0.00143979060528906,1,0,0
PHM2010,c6,vibration_y,Saturation,High,3117,30,0.0120696323785885,0.0118543495502501,0.0116125120799078,0.0125669990383007,0.00933614053669279,0.00323085850160788,1,0,0
PHM2010,c1,vibration_y,Dropout,Low,3151,30,0.00783826917411521,0.00780609471085682,0.0100919581984575,0.00797470604488205,0.00631483365034034,0.00165987239454172,0.0190415741034592,0.949222469057442,0.0317359568390987
PHM2010,c4,vibration_y,Dropout,Low,3204,30,0.0146371645718384,0.0177867200880151,0.017950620147408,0.0168635546307588,0.0139716177699694,0.00289193686078938,1,0,0
PHM2010,c6,vibration_y,Dropout,Low,3147,30,0.0139787887738383,0.0140022336839758,0.0115151293404687,0.0139679634205095,0.00808392757888686,0.00588403584162268,0.00127105179536066,0.993009215125516,0.00571973307912297
PHM2010,c1,vibration_y,Dropout,Medium,3197,30,0.00776242959748358,0.00755365800312146,0.00956915404879488,0.00903544582192373,0.00619961176863596,0.00283583405328777,0.629965592743197,0.332812011260557,0.0372223959962465
PHM2010,c4,vibration_y,Dropout,Medium,3108,30,0.014450307844473,0.0180009321270834,0.0181371631919494,0.0169710243165742,0.0135602119094125,0.00341081240716164,1,0,0
PHM2010,c6,vibration_y,Dropout,Medium,3140,30,0.0127981360513273,0.0126447759750343,0.0116081510838875,0.0127523304861021,0.00860871670462963,0.00414361378147248,0.310191082802548,0.68375796178344,0.00605095541401274
PHM2010,c1,vibration_y,Dropout,High,3102,30,0.008620820893107,0.00782394733445745,0.00996385073108075,0.0100512014749653,0.00658785820304017,0.00346334327192511,0.978723404255319,0,0.0212765957446809
PHM2010,c4,vibration_y,Dropout,High,3138,30,0.0141366761054855,0.0179125193932543,0.0180396889085669,0.0168057066154569,0.0130376425174764,0.00376806409798054,1,0,0
PHM2010,c6,vibration_y,Dropout,High,3163,30,0.0118992419712964,0.0116396807057714,0.01149090721543,0.0123020884406501,0.00849175091599335,0.0038103375246568,1,0,0
PHM2010,c1,vibration_y,Bias,Low,3105,30,0.00828822275613388,0.00824944467728701,0.0106635742380843,0.00849049271240663,0.00650369534697002,0.00198679736543661,0.0167471819645733,0.949114331723027,0.0341384863123994
PHM2010,c4,vibration_y,Bias,Low,3113,30,0.0152994352392274,0.0154960579155378,0.0155209731583944,0.0153666677087458,0.014844010499017,0.00052265720972882,0.00546097012528108,0.97141021522647,0.0231288146482493
PHM2010,c6,vibration_y,Bias,Low,3112,30,0.0144541595765422,0.0144671764600902,0.0126832521296264,0.0144398030125122,0.00784995425909945,0.00658984875341272,0.0012853470437018,0.99293059125964,0.0057840616966581
PHM2010,c1,vibration_y,Bias,Medium,3194,30,0.00897728932994194,0.00893225047037895,0.0114471002900026,0.00917839360548643,0.00665641113642959,0.00252198246905684,0.0162805259862242,0.947714464621165,0.0360050093926111
PHM2010,c4,vibration_y,Bias,Medium,3151,30,0.0160548726820121,0.0164066180052302,0.0163305342043972,0.0161367408677476,0.0153583787327249,0.000778362135022781,0.0755315772770549,0.895906061567756,0.0285623611551888
PHM2010,c6,vibration_y,Bias,Medium,3157,30,0.0161070542589068,0.0161269147958352,0.0180769116280095,0.0161161560817612,0.00789026769088348,0.00822588839087772,0,0.99398162812797,0.00601837187203041
PHM2010,c1,vibration_y,Bias,High,3151,30,0.00942872223215974,0.0093782274765234,0.0118554099951657,0.00963353326427304,0.00620871196839218,0.00342482129588085,0.0222151697873691,0.943192637258013,0.0345921929546176
PHM2010,c4,vibration_y,Bias,High,3186,30,0.016833407936349,0.017158933392276,0.0170679501828479,0.0168652638814659,0.0153670438590555,0.00149822002241041,0.21594475831764,0.760828625235405,0.0232266164469554
PHM2010,c6,vibration_y,Bias,High,3181,30,0.0200689238044999,0.0200880417131804,0.0258049675678979,0.0200991870426222,0.00801670217782301,0.0120824848647992,0.000628733102797862,0.992140836215027,0.00723043068217542
PHM2010,c1,vibration_y,Noise,Low,3097,30,0.00833730215429155,0.00830359812128479,0.0107795434467885,0.00849666740446761,0.00653654838160607,0.00196011902286155,0.00452050371327091,0.960284145947691,0.0351953503390378
PHM2010,c4,vibration_y,Noise,Low,3190,30,0.0151795861649775,0.0153666439940234,0.0154335410626564,0.0152491431203344,0.0147327436638781,0.000516399456456289,0,0.975235109717868,0.0247648902821317
PHM2010,c6,vibration_y,Noise,Low,3232,30,0.0151253858002115,0.0151568729453731,0.0114025786562534,0.0150974761644369,0.00734962767733694,0.00774784848709993,0,0.992574257425743,0.00742574257425743
PHM2010,c1,vibration_y,Noise,Medium,3228,30,0.00907817047403329,0.00904562250527525,0.0113323054543692,0.00926132433637281,0.00652591439474811,0.0027354099416247,0.000619578686493185,0.962205700123916,0.0371747211895911
PHM2010,c4,vibration_y,Noise,Medium,3172,30,0.0157784491193769,0.0159887383197623,0.016134816776647,0.0158667138514026,0.015251843178082,0.000614870673320604,0,0.973203026481715,0.026796973518285
PHM2010,c6,vibration_y,Noise,Medium,3028,30,0.0170260815340153,0.0170460775184539,0.0114482601321524,0.0170047607140636,0.00695392491504127,0.0100508357990223,0,0.995046235138705,0.00495376486129458
PHM2010,c1,vibration_y,Noise,High,3125,30,0.0103820921553351,0.0103480548770184,0.0124069491091647,0.0105613861423876,0.00634298508521482,0.00421840105717281,0,0.96768,0.03232
PHM2010,c4,vibration_y,Noise,High,3088,30,0.017131481405246,0.0173025075786811,0.0176234945168371,0.0172099567655876,0.0158397752520645,0.00137018151352315,0,0.975388601036269,0.0246113989637306
PHM2010,c6,vibration_y,Noise,High,3190,30,0.0204281334765545,0.0204542682291348,0.0110893651140282,0.0203935592599898,0.00625760321060581,0.014135956049384,0,0.993416927899686,0.00658307210031348
