Dataset,FaultSensor,FaultType,SeverityLevel,SeverityValue,SeverityUnit,Model,MAE,RMSE,R2,MacroMAE,NormalizedMAE,P95AbsoluteError,MaximumAbsoluteError
NUAA,force_z,Saturation,1,0.1,fraction,FullModel,0.0598175571126049,0.0718037589497568,0.00827873158655112,0.0560143384666349,1.51287488658621,0.127887586701349,0.163348005676011
NUAA,force_z,Saturation,1,0.1,fraction,AutoGate,0.0544024373185918,0.0670972729265206,0.134025696632815,0.0526295217832383,1.37591846209036,0.127794891632191,0.163348005676011
NUAA,force_z,Saturation,1,0.1,fraction,OracleGate,0.0433126859787434,0.0528006811869268,0.463741341400182,0.0448052017423016,1.09544217535469,0.0977516300779297,0.140430537152651
NUAA,force_z,Saturation,2,0.3,fraction,FullModel,0.0907290267932414,0.101247031226322,-0.97178637771187,0.0849973364781506,2.29467187804929,0.164980839321804,0.218520936223449
NUAA,force_z,Saturation,2,0.3,fraction,AutoGate,0.0433126859787434,0.0528006811869268,0.463741341400182,0.0448052017423016,1.09544217535469,0.0977516300779297,0.140430537152651
NUAA,force_z,Saturation,2,0.3,fraction,OracleGate,0.0433126859787434,0.0528006811869268,0.463741341400182,0.0448052017423016,1.09544217535469,0.0977516300779297,0.140430537152651
NUAA,force_z,Saturation,3,0.5,fraction,FullModel,0.0805041766777543,0.0915555539631768,-0.612369803272307,0.0762072091382993,2.03607022820744,0.15582068165319,0.217730691413021
NUAA,force_z,Saturation,3,0.5,fraction,AutoGate,0.0433126859787434,0.0528006811869268,0.463741341400182,0.0448052017423016,1.09544217535469,0.0977516300779297,0.140430537152651
NUAA,force_z,Saturation,3,0.5,fraction,OracleGate,0.0433126859787434,0.0528006811869268,0.463741341400182,0.0448052017423016,1.09544217535469,0.0977516300779297,0.140430537152651
NUAA,force_z,Saturation,4,0.7,fraction,FullModel,0.111107213302401,0.120235135743651,-1.78072513617865,0.101657643553378,2.81006648946481,0.176848803184239,0.23746822833934
NUAA,force_z,Saturation,4,0.7,fraction,AutoGate,0.0433126859787434,0.0528006811869268,0.463741341400182,0.0448052017423016,1.09544217535469,0.0977516300779297,0.140430537152651
NUAA,force_z,Saturation,4,0.7,fraction,OracleGate,0.0433126859787434,0.0528006811869268,0.463741341400182,0.0448052017423016,1.09544217535469,0.0977516300779297,0.140430537152651
NUAA,force_z,Dropout,1,0.1,fraction,FullModel,0.0408378547026165,0.0500649359877937,0.517871730449823,0.0412773122700622,1.03285001567919,0.0935822314169865,0.12941505186453
NUAA,force_z,Dropout,1,0.1,fraction,AutoGate,0.0417188843031454,0.0509703588208341,0.500275492670178,0.0428083061706309,1.05513256316722,0.0935822314169865,0.12941505186453
NUAA,force_z,Dropout,1,0.1,fraction,OracleGate,0.0433126859787434,0.0528006811869268,0.463741341400182,0.0448052017423016,1.09544217535469,0.0977516300779297,0.140430537152651
NUAA,force_z,Dropout,2,0.3,fraction,FullModel,0.0482222777109201,0.0578651091745711,0.355936303442212,0.0472640368801721,1.21961304413523,0.10507038092896,0.126009451012779
NUAA,force_z,Dropout,2,0.3,fraction,AutoGate,0.0432224844534674,0.0527013946363217,0.46575620983932,0.0447895111986962,1.09316084477369,0.0977516300779297,0.140430537152651
NUAA,force_z,Dropout,2,0.3,fraction,OracleGate,0.0433126859787434,0.0528006811869268,0.463741341400182,0.0448052017423016,1.09544217535469,0.0977516300779297,0.140430537152651
NUAA,force_z,Dropout,3,0.5,fraction,FullModel,0.0594822150427212,0.0700506378915159,0.0561141937828697,0.0560762253036811,1.50439358744208,0.12428630580848,0.160659050342361
NUAA,force_z,Dropout,3,0.5,fraction,AutoGate,0.0433126859787434,0.0528006811869268,0.463741341400182,0.0448052017423016,1.09544217535469,0.0977516300779297,0.140430537152651
NUAA,force_z,Dropout,3,0.5,fraction,OracleGate,0.0433126859787434,0.0528006811869268,0.463741341400182,0.0448052017423016,1.09544217535469,0.0977516300779297,0.140430537152651
NUAA,force_z,Dropout,4,0.7,fraction,FullModel,0.0798865759376612,0.113537037055399,-1.47953577865702,0.0666347948133889,2.02045018795965,0.245002427001017,0.347569728502327
NUAA,force_z,Dropout,4,0.7,fraction,AutoGate,0.0433126859787434,0.0528006811869268,0.463741341400182,0.0448052017423016,1.09544217535469,0.0977516300779297,0.140430537152651
NUAA,force_z,Dropout,4,0.7,fraction,OracleGate,0.0433126859787434,0.0528006811869268,0.463741341400182,0.0448052017423016,1.09544217535469,0.0977516300779297,0.140430537152651
NUAA,force_z,Bias,1,0.5,signal_sd,FullModel,0.0404787578665035,0.0491753801286494,0.534852471145733,0.0405660295956225,1.02376792320615,0.0883754944125922,0.144738737635452
NUAA,force_z,Bias,1,0.5,signal_sd,AutoGate,0.0405687703259624,0.0493044091248844,0.532408310788166,0.0411259782260684,1.02604447203176,0.0883754944125922,0.144738737635452
NUAA,force_z,Bias,1,0.5,signal_sd,OracleGate,0.0433126859787434,0.0528006811869268,0.463741341400182,0.0448052017423016,1.09544217535469,0.0977516300779297,0.140430537152651
NUAA,force_z,Bias,2,1,signal_sd,FullModel,0.0426111465210799,0.0511482328952709,0.496781574439498,0.0422378708794714,1.07769920023703,0.0936037977960554,0.152633650161238
NUAA,force_z,Bias,2,1,signal_sd,AutoGate,0.042651181489878,0.0512582892909781,0.494613679808686,0.0427395124723522,1.07871174407538,0.0936037977960554,0.152633650161238
NUAA,force_z,Bias,2,1,signal_sd,OracleGate,0.0433126859787434,0.0528006811869268,0.463741341400182,0.0448052017423016,1.09544217535469,0.0977516300779297,0.140430537152651
NUAA,force_z,Bias,3,2,signal_sd,FullModel,0.0492919414330784,0.058456638186384,0.342701050863043,0.0480523983804967,1.24666642880119,0.0980404066333417,0.168638016887405
NUAA,force_z,Bias,3,2,signal_sd,AutoGate,0.0491860833492989,0.0584704631716248,0.342390111913862,0.048364463038134,1.24398912059566,0.0980404066333417,0.168638016887405
NUAA,force_z,Bias,3,2,signal_sd,OracleGate,0.0433126859787434,0.0528006811869268,0.463741341400182,0.0448052017423016,1.09544217535469,0.0977516300779297,0.140430537152651
NUAA,force_z,Bias,4,3,signal_sd,FullModel,0.0582691028778172,0.0688718244809717,0.0876143572098445,0.0566027959321842,1.47371217854668,0.117187680278845,0.18461671655966
NUAA,force_z,Bias,4,3,signal_sd,AutoGate,0.0579601360221544,0.0687605703181545,0.0905596752895071,0.0566876994384449,1.46589794775421,0.117187680278845,0.18461671655966
NUAA,force_z,Bias,4,3,signal_sd,OracleGate,0.0433126859787434,0.0528006811869268,0.463741341400182,0.0448052017423016,1.09544217535469,0.0977516300779297,0.140430537152651
NUAA,force_z,Noise,1,0.25,signal_sd,FullModel,0.0397543034855688,0.048675822682243,0.544255047569618,0.0402346143117326,1.00544539563569,0.0898030192147819,0.140159292662258
NUAA,force_z,Noise,1,0.25,signal_sd,AutoGate,0.0397530526413788,0.0487478294499741,0.542905671545861,0.040699845390556,1.00541375992782,0.0898030192147819,0.140159292662258
NUAA,force_z,Noise,1,0.25,signal_sd,OracleGate,0.0433126859787434,0.0528006811869268,0.463741341400182,0.0448052017423016,1.09544217535469,0.0977516300779297,0.140430537152651
NUAA,force_z,Noise,2,0.5,signal_sd,FullModel,0.0433478695868019,0.0529016558839292,0.461688325017904,0.0435834573800728,1.09633202107258,0.0998860411928777,0.150348580416236
NUAA,force_z,Noise,2,0.5,signal_sd,AutoGate,0.0441446738784592,0.0539866911992015,0.439379869619682,0.0454052161492592,1.11648438537096,0.100038674403866,0.150348580416236
NUAA,force_z,Noise,2,0.5,signal_sd,OracleGate,0.0433126859787434,0.0528006811869268,0.463741341400182,0.0448052017423016,1.09544217535469,0.0977516300779297,0.140430537152651
NUAA,force_z,Noise,3,1,signal_sd,FullModel,0.0822317907850696,0.0916547240049048,-0.615864629579688,0.0753456006377258,2.07976415558982,0.14168005394,0.185634144597159
NUAA,force_z,Noise,3,1,signal_sd,AutoGate,0.0441013627894867,0.0540629736649144,0.437794452975313,0.046708041031714,1.11538898358626,0.0986469917271853,0.145458110063966
NUAA,force_z,Noise,3,1,signal_sd,OracleGate,0.0433126859787434,0.0528006811869268,0.463741341400182,0.0448052017423016,1.09544217535469,0.0977516300779297,0.140430537152651
NUAA,force_z,Noise,4,2,signal_sd,FullModel,0.232972004397844,0.240463736234812,-10.1222959795408,0.212371413252409,5.89220810317708,0.304345500633803,0.336502174593147
NUAA,force_z,Noise,4,2,signal_sd,AutoGate,0.0433126859787434,0.0528006811869268,0.463741341400182,0.0448052017423016,1.09544217535469,0.0977516300779297,0.140430537152651
NUAA,force_z,Noise,4,2,signal_sd,OracleGate,0.0433126859787434,0.0528006811869268,0.463741341400182,0.0448052017423016,1.09544217535469,0.0977516300779297,0.140430537152651
NUAA,vibration_x,Saturation,1,0.1,fraction,FullModel,0.0389899469693286,0.0477868825363144,0.560749094421828,0.0400710848802662,0.98611368378324,0.0864639186385209,0.134955007751277
NUAA,vibration_x,Saturation,1,0.1,fraction,AutoGate,0.0401040677128648,0.0488434337753092,0.541111005082642,0.0423952940000772,1.01429145256687,0.0869981729451611,0.136434992964314
NUAA,vibration_x,Saturation,1,0.1,fraction,OracleGate,0.0401040677128648,0.0488434337753092,0.541111005082642,0.0423952940000772,1.01429145256687,0.0869981729451611,0.136434992964314
NUAA,vibration_x,Saturation,2,0.3,fraction,FullModel,0.039560266455628,0.0483685508839868,0.549990772685323,0.0411597200031743,1.00053791087979,0.0864622093498812,0.131446930812134
NUAA,vibration_x,Saturation,2,0.3,fraction,AutoGate,0.0401040677128648,0.0488434337753092,0.541111005082642,0.0423952940000772,1.01429145256687,0.0869981729451611,0.136434992964314
NUAA,vibration_x,Saturation,2,0.3,fraction,OracleGate,0.0401040677128648,0.0488434337753092,0.541111005082642,0.0423952940000772,1.01429145256687,0.0869981729451611,0.136434992964314
NUAA,vibration_x,Saturation,3,0.5,fraction,FullModel,0.0375691390576427,0.046055168895644,0.592007645083786,0.0405942677888697,0.950179340891133,0.0897325727122014,0.124083454814954
NUAA,vibration_x,Saturation,3,0.5,fraction,AutoGate,0.0401040677128648,0.0488434337753092,0.541111005082642,0.0423952940000772,1.01429145256687,0.0869981729451611,0.136434992964314
NUAA,vibration_x,Saturation,3,0.5,fraction,OracleGate,0.0401040677128648,0.0488434337753092,0.541111005082642,0.0423952940000772,1.01429145256687,0.0869981729451611,0.136434992964314
NUAA,vibration_x,Saturation,4,0.7,fraction,FullModel,0.0374796479822838,0.0457511013560346,0.597377192361264,0.0406278925422675,0.947915978644004,0.0900275182890691,0.122969413977302
NUAA,vibration_x,Saturation,4,0.7,fraction,AutoGate,0.0401040677128648,0.0488434337753092,0.541111005082642,0.0423952940000772,1.01429145256687,0.0869981729451611,0.136434992964314
NUAA,vibration_x,Saturation,4,0.7,fraction,OracleGate,0.0401040677128648,0.0488434337753092,0.541111005082642,0.0423952940000772,1.01429145256687,0.0869981729451611,0.136434992964314
NUAA,vibration_x,Dropout,1,0.1,fraction,FullModel,0.0397623473136184,0.0485820040505475,0.546010176084602,0.0404839095252446,1.00564883599728,0.0875861690128997,0.137831766193089
NUAA,vibration_x,Dropout,1,0.1,fraction,AutoGate,0.0401040677128648,0.0488434337753092,0.541111005082642,0.0423952940000772,1.01429145256687,0.0869981729451611,0.136434992964314
NUAA,vibration_x,Dropout,1,0.1,fraction,OracleGate,0.0401040677128648,0.0488434337753092,0.541111005082642,0.0423952940000772,1.01429145256687,0.0869981729451611,0.136434992964314
NUAA,vibration_x,Dropout,2,0.3,fraction,FullModel,0.039784465833663,0.0484535075195144,0.548408552637548,0.0404442079323558,1.00620824622931,0.0872904634236985,0.13884883246935
NUAA,vibration_x,Dropout,2,0.3,fraction,AutoGate,0.0401040677128648,0.0488434337753092,0.541111005082642,0.0423952940000772,1.01429145256687,0.0869981729451611,0.136434992964314
NUAA,vibration_x,Dropout,2,0.3,fraction,OracleGate,0.0401040677128648,0.0488434337753092,0.541111005082642,0.0423952940000772,1.01429145256687,0.0869981729451611,0.136434992964314
NUAA,vibration_x,Dropout,3,0.5,fraction,FullModel,0.0391390028292057,0.0476968048767791,0.562403498311379,0.0401135124571955,0.989883527922512,0.0857576388743873,0.139875445393468
NUAA,vibration_x,Dropout,3,0.5,fraction,AutoGate,0.0401040677128648,0.0488434337753092,0.541111005082642,0.0423952940000772,1.01429145256687,0.0869981729451611,0.136434992964314
NUAA,vibration_x,Dropout,3,0.5,fraction,OracleGate,0.0401040677128648,0.0488434337753092,0.541111005082642,0.0423952940000772,1.01429145256687,0.0869981729451611,0.136434992964314
NUAA,vibration_x,Dropout,4,0.7,fraction,FullModel,0.0393795916445536,0.0478335689032565,0.559890404955261,0.0402858081613936,0.995968376490438,0.0860997397131245,0.139722858185988
NUAA,vibration_x,Dropout,4,0.7,fraction,AutoGate,0.0401040677128648,0.0488434337753092,0.541111005082642,0.0423952940000772,1.01429145256687,0.0869981729451611,0.136434992964314
NUAA,vibration_x,Dropout,4,0.7,fraction,OracleGate,0.0401040677128648,0.0488434337753092,0.541111005082642,0.0423952940000772,1.01429145256687,0.0869981729451611,0.136434992964314
NUAA,vibration_x,Bias,1,0.5,signal_sd,FullModel,0.0388542818586338,0.0478146144304589,0.560239130452187,0.039866109843834,0.982682511584587,0.0865135964693022,0.135680311604376
NUAA,vibration_x,Bias,1,0.5,signal_sd,AutoGate,0.0389539754323551,0.0479447254125373,0.557842559092469,0.0404010225794873,0.985203910172515,0.0865135964693022,0.135680311604376
NUAA,vibration_x,Bias,1,0.5,signal_sd,OracleGate,0.0401040677128648,0.0488434337753092,0.541111005082642,0.0423952940000772,1.01429145256687,0.0869981729451611,0.136434992964314
NUAA,vibration_x,Bias,2,1,signal_sd,FullModel,0.0384775012222375,0.0472711158988849,0.570179647814649,0.0399382740774491,0.973153169530666,0.0857496875504142,0.13392917024487
NUAA,vibration_x,Bias,2,1,signal_sd,AutoGate,0.0387334432890626,0.0475268914658588,0.565515701622929,0.0407977106045505,0.979626324637815,0.0857496875504142,0.13392917024487
NUAA,vibration_x,Bias,2,1,signal_sd,OracleGate,0.0401040677128648,0.0488434337753092,0.541111005082642,0.0423952940000772,1.01429145256687,0.0869981729451611,0.136434992964314
NUAA,vibration_x,Bias,3,2,signal_sd,FullModel,0.0381210837279917,0.0467190443486876,0.580160624105595,0.0403683313115046,0.964138841593981,0.0864659907754959,0.130430797617219
NUAA,vibration_x,Bias,3,2,signal_sd,AutoGate,0.037969896500165,0.0465637762521901,0.582946611614067,0.0403407652418668,0.960315091992822,0.085475746335551,0.136434992964314
NUAA,vibration_x,Bias,3,2,signal_sd,OracleGate,0.0401040677128648,0.0488434337753092,0.541111005082642,0.0423952940000772,1.01429145256687,0.0869981729451611,0.136434992964314
NUAA,vibration_x,Bias,4,3,signal_sd,FullModel,0.0381764308516413,0.0468110932111429,0.578504605295232,0.041183778937344,0.965538652576844,0.087462743199094,0.126984502179571
NUAA,vibration_x,Bias,4,3,signal_sd,AutoGate,0.0395207956219209,0.048302334762494,0.551222046668782,0.0411727742414508,0.999539634855985,0.0869981729451611,0.136434992964314
NUAA,vibration_x,Bias,4,3,signal_sd,OracleGate,0.0401040677128648,0.0488434337753092,0.541111005082642,0.0423952940000772,1.01429145256687,0.0869981729451611,0.136434992964314
NUAA,vibration_x,Noise,1,0.25,signal_sd,FullModel,0.0395273079549646,0.04849775913895,0.547583317098254,0.0401019421538836,0.999704341433627,0.0873532244807084,0.137194204511626
NUAA,vibration_x,Noise,1,0.25,signal_sd,AutoGate,0.0396659164630883,0.0486208561966677,0.545283753522612,0.0407673071895295,1.00320995652608,0.0873532244807084,0.137194204511626
NUAA,vibration_x,Noise,1,0.25,signal_sd,OracleGate,0.0401040677128648,0.0488434337753092,0.541111005082642,0.0423952940000772,1.01429145256687,0.0869981729451611,0.136434992964314
NUAA,vibration_x,Noise,2,0.5,signal_sd,FullModel,0.0397501523873081,0.0487478994754955,0.542904358326708,0.0402567817952366,1.00534040819365,0.0885283091495231,0.13693884330438
NUAA,vibration_x,Noise,2,0.5,signal_sd,AutoGate,0.0398876808877665,0.0488748564527541,0.540520376699471,0.0409082446614536,1.00881870828774,0.0885283091495231,0.13693884330438
NUAA,vibration_x,Noise,2,0.5,signal_sd,OracleGate,0.0401040677128648,0.0488434337753092,0.541111005082642,0.0423952940000772,1.01429145256687,0.0869981729451611,0.136434992964314
NUAA,vibration_x,Noise,3,1,signal_sd,FullModel,0.0402463416885816,0.0491596816797253,0.535149405472083,0.0408364518228162,1.01788977278031,0.0900174717132799,0.136340212692407
NUAA,vibration_x,Noise,3,1,signal_sd,AutoGate,0.0403459482128857,0.0492827662563114,0.532818732675002,0.0413799764213844,1.02040896975915,0.0900174717132799,0.136340212692407
NUAA,vibration_x,Noise,3,1,signal_sd,OracleGate,0.0401040677128648,0.0488434337753092,0.541111005082642,0.0423952940000772,1.01429145256687,0.0869981729451611,0.136434992964314
NUAA,vibration_x,Noise,4,2,signal_sd,FullModel,0.0416737964056137,0.0508243694436699,0.503134016452008,0.0420026138064164,1.05399222325437,0.0945482055820425,0.134595438582393
NUAA,vibration_x,Noise,4,2,signal_sd,AutoGate,0.0419078733341753,0.0510092698881646,0.499512216266272,0.0428231985307321,1.05991237653116,0.0945482055820425,0.134595438582393
NUAA,vibration_x,Noise,4,2,signal_sd,OracleGate,0.0401040677128648,0.0488434337753092,0.541111005082642,0.0423952940000772,1.01429145256687,0.0869981729451611,0.136434992964314
NUAA,vibration_y,Saturation,1,0.1,fraction,FullModel,0.0385992357209928,0.048144649948374,0.554147369438982,0.0396270928405457,0.976232015857529,0.0907511714631763,0.137152217829701
NUAA,vibration_y,Saturation,1,0.1,fraction,AutoGate,0.0380944885855088,0.0475588327065642,0.564931500527976,0.0393976286940914,0.963466210929845,0.0867768130661906,0.142068623997831
NUAA,vibration_y,Saturation,1,0.1,fraction,OracleGate,0.0380944885855088,0.0475588327065642,0.564931500527976,0.0393976286940914,0.963466210929845,0.0867768130661906,0.142068623997831
NUAA,vibration_y,Saturation,2,0.3,fraction,FullModel,0.0393196603797773,0.0501171640915831,0.516865286353948,0.0400896400138335,0.994452625768107,0.100064577258489,0.134475416955787
NUAA,vibration_y,Saturation,2,0.3,fraction,AutoGate,0.0380944885855088,0.0475588327065642,0.564931500527976,0.0393976286940914,0.963466210929845,0.0867768130661906,0.142068623997831
NUAA,vibration_y,Saturation,2,0.3,fraction,OracleGate,0.0380944885855088,0.0475588327065642,0.564931500527976,0.0393976286940914,0.963466210929845,0.0867768130661906,0.142068623997831
NUAA,vibration_y,Saturation,3,0.5,fraction,FullModel,0.066332601886886,0.0864855583807793,-0.438740450448444,0.05577680534276,1.67765004792287,0.155790443826951,0.295203745248016
NUAA,vibration_y,Saturation,3,0.5,fraction,AutoGate,0.0380944885855088,0.0475588327065642,0.564931500527976,0.0393976286940914,0.963466210929845,0.0867768130661906,0.142068623997831
NUAA,vibration_y,Saturation,3,0.5,fraction,OracleGate,0.0380944885855088,0.0475588327065642,0.564931500527976,0.0393976286940914,0.963466210929845,0.0867768130661906,0.142068623997831
NUAA,vibration_y,Saturation,4,0.7,fraction,FullModel,0.0746881629749064,0.09871356480504,-0.874342436361008,0.0604577356866266,1.88897460117413,0.186273798678369,0.314368899517244
NUAA,vibration_y,Saturation,4,0.7,fraction,AutoGate,0.0380944885855088,0.0475588327065642,0.564931500527976,0.0393976286940914,0.963466210929845,0.0867768130661906,0.142068623997831
NUAA,vibration_y,Saturation,4,0.7,fraction,OracleGate,0.0380944885855088,0.0475588327065642,0.564931500527976,0.0393976286940914,0.963466210929845,0.0867768130661906,0.142068623997831
NUAA,vibration_y,Dropout,1,0.1,fraction,FullModel,0.0409120267888104,0.0500150394762124,0.518832264225247,0.0410213687273695,1.03472593793187,0.0892224535565184,0.137127191662493
NUAA,vibration_y,Dropout,1,0.1,fraction,AutoGate,0.0380944885855088,0.0475588327065642,0.564931500527976,0.0393976286940914,0.963466210929845,0.0867768130661906,0.142068623997831
NUAA,vibration_y,Dropout,1,0.1,fraction,OracleGate,0.0380944885855088,0.0475588327065642,0.564931500527976,0.0393976286940914,0.963466210929845,0.0867768130661906,0.142068623997831
NUAA,vibration_y,Dropout,2,0.3,fraction,FullModel,0.0424873289153466,0.051740954277129,0.485051099468999,0.0417290649433601,1.07456766903995,0.089170495694078,0.13726815037615
NUAA,vibration_y,Dropout,2,0.3,fraction,AutoGate,0.0380944885855088,0.0475588327065642,0.564931500527976,0.0393976286940914,0.963466210929845,0.0867768130661906,0.142068623997831
NUAA,vibration_y,Dropout,2,0.3,fraction,OracleGate,0.0380944885855088,0.0475588327065642,0.564931500527976,0.0393976286940914,0.963466210929845,0.0867768130661906,0.142068623997831
NUAA,vibration_y,Dropout,3,0.5,fraction,FullModel,0.0411205328459717,0.0499244352867182,0.520573993329593,0.040828647665943,1.03999936588191,0.0890868550122351,0.139359975120973
NUAA,vibration_y,Dropout,3,0.5,fraction,AutoGate,0.0380944885855088,0.0475588327065642,0.564931500527976,0.0393976286940914,0.963466210929845,0.0867768130661906,0.142068623997831
NUAA,vibration_y,Dropout,3,0.5,fraction,OracleGate,0.0380944885855088,0.0475588327065642,0.564931500527976,0.0393976286940914,0.963466210929845,0.0867768130661906,0.142068623997831
NUAA,vibration_y,Dropout,4,0.7,fraction,FullModel,0.0410404803269577,0.0501152025985096,0.516903103611433,0.0409600273506444,1.03797471874701,0.0890077539049441,0.13832637496503
NUAA,vibration_y,Dropout,4,0.7,fraction,AutoGate,0.0380944885855088,0.0475588327065642,0.564931500527976,0.0393976286940914,0.963466210929845,0.0867768130661906,0.142068623997831
NUAA,vibration_y,Dropout,4,0.7,fraction,OracleGate,0.0380944885855088,0.0475588327065642,0.564931500527976,0.0393976286940914,0.963466210929845,0.0867768130661906,0.142068623997831
NUAA,vibration_y,Bias,1,0.5,signal_sd,FullModel,0.0373884806328749,0.0489426341661536,0.539245116819036,0.0388093585842871,0.945610220935816,0.101030346420814,0.13652475886999
NUAA,vibration_y,Bias,1,0.5,signal_sd,AutoGate,0.0375912080014475,0.0490550937848978,0.537125253401642,0.0394042122274143,0.950737497266408,0.101030346420814,0.13652475886999
NUAA,vibration_y,Bias,1,0.5,signal_sd,OracleGate,0.0380944885855088,0.0475588327065642,0.564931500527976,0.0393976286940914,0.963466210929845,0.0867768130661906,0.142068623997831
NUAA,vibration_y,Bias,2,1,signal_sd,FullModel,0.0404025396101846,0.0545257291247838,0.428128794113101,0.0405248364086139,1.02184025027114,0.117030564217661,0.135830998036927
NUAA,vibration_y,Bias,2,1,signal_sd,AutoGate,0.0368186939538597,0.0473744012511974,0.568299317921414,0.0388734525860926,0.931199469327042,0.0982322596758714,0.142068623997831
NUAA,vibration_y,Bias,2,1,signal_sd,OracleGate,0.0380944885855088,0.0475588327065642,0.564931500527976,0.0393976286940914,0.963466210929845,0.0867768130661906,0.142068623997831
NUAA,vibration_y,Bias,3,2,signal_sd,FullModel,0.0585000566503899,0.0743625524096783,-0.0636624863394437,0.051486018456731,1.47955334256864,0.14908325513784,0.164319909380445
NUAA,vibration_y,Bias,3,2,signal_sd,AutoGate,0.0382980260814837,0.0476387274478546,0.563468517529143,0.039600866531829,0.968613976585997,0.0867768130661906,0.142068623997831
NUAA,vibration_y,Bias,3,2,signal_sd,OracleGate,0.0380944885855088,0.0475588327065642,0.564931500527976,0.0393976286940914,0.963466210929845,0.0867768130661906,0.142068623997831
NUAA,vibration_y,Bias,4,3,signal_sd,FullModel,0.0784186576565888,0.0994907727855981,-0.903973392971935,0.0637512845534655,1.98332435383682,0.180695361644031,0.223081067529846
NUAA,vibration_y,Bias,4,3,signal_sd,AutoGate,0.0383219321322462,0.0476602146766304,0.563074637687937,0.0394384374644157,0.969218596125507,0.0867768130661906,0.142068623997831
NUAA,vibration_y,Bias,4,3,signal_sd,OracleGate,0.0380944885855088,0.0475588327065642,0.564931500527976,0.0393976286940914,0.963466210929845,0.0867768130661906,0.142068623997831
NUAA,vibration_y,Noise,1,0.25,signal_sd,FullModel,0.039424343170541,0.0483565539566251,0.55021397798654,0.0401007547250276,0.997100209067207,0.0881482015293513,0.137217925230132
NUAA,vibration_y,Noise,1,0.25,signal_sd,AutoGate,0.0395270278284783,0.0484744380949683,0.548018318334047,0.0406687151901428,0.999697256618624,0.0881482015293513,0.137217925230132
NUAA,vibration_y,Noise,1,0.25,signal_sd,OracleGate,0.0380944885855088,0.0475588327065642,0.564931500527976,0.0393976286940914,0.963466210929845,0.0867768130661906,0.142068623997831
NUAA,vibration_y,Noise,2,0.5,signal_sd,FullModel,0.0395726807486448,0.048627778907723,0.54515425793031,0.0401694042602803,1.00085188679333,0.0881160952918265,0.137453937419545
NUAA,vibration_y,Noise,2,0.5,signal_sd,AutoGate,0.0397090967548292,0.0487435768823226,0.542985418266526,0.0407526937069737,1.00430205025447,0.0881160952918265,0.137453937419545
NUAA,vibration_y,Noise,2,0.5,signal_sd,OracleGate,0.0380944885855088,0.0475588327065642,0.564931500527976,0.0393976286940914,0.963466210929845,0.0867768130661906,0.142068623997831
NUAA,vibration_y,Noise,3,1,signal_sd,FullModel,0.0403201288221303,0.0498777053934144,0.521471070723476,0.0405799846983666,1.01975595900869,0.0921394904530372,0.137545208071607
NUAA,vibration_y,Noise,3,1,signal_sd,AutoGate,0.040424488175523,0.0499427374666936,0.520222416015937,0.0411213660630775,1.02239536209617,0.0921394904530372,0.137545208071607
NUAA,vibration_y,Noise,3,1,signal_sd,OracleGate,0.0380944885855088,0.0475588327065642,0.564931500527976,0.0393976286940914,0.963466210929845,0.0867768130661906,0.142068623997831
NUAA,vibration_y,Noise,4,2,signal_sd,FullModel,0.0426966816039247,0.0563068332806155,0.390157800859363,0.0420621033594041,1.0798625095563,0.119837887434772,0.153168833428925
NUAA,vibration_y,Noise,4,2,signal_sd,AutoGate,0.0375843313454815,0.046544726956188,0.583287775884501,0.0388824899619114,0.950563576420809,0.0822703160122096,0.142068623997831
NUAA,vibration_y,Noise,4,2,signal_sd,OracleGate,0.0380944885855088,0.0475588327065642,0.564931500527976,0.0393976286940914,0.963466210929845,0.0867768130661906,0.142068623997831
PHM2010,force_z,Saturation,1,0.1,fraction,FullModel,0.0132006776894378,0.016823732322588,0.831893341320315,0.0132006776894378,1.05277530883653,0.0318884269247219,0.056678865538177
PHM2010,force_z,Saturation,1,0.1,fraction,AutoGate,0.0109959153803692,0.0150542376025992,0.865396067216731,0.0109959153803693,0.876941963348674,0.0295111741841081,0.0583379175024377
PHM2010,force_z,Saturation,1,0.1,fraction,OracleGate,0.0109959153803692,0.0150542376025992,0.865396067216731,0.0109959153803693,0.876941963348674,0.0295111741841081,0.0583379175024377
PHM2010,force_z,Saturation,2,0.3,fraction,FullModel,0.0183597077741709,0.0227404303280251,0.692859155467317,0.0183597077741709,1.46421626804559,0.0445122819462588,0.0610281402502867
PHM2010,force_z,Saturation,2,0.3,fraction,AutoGate,0.0109959153803692,0.0150542376025992,0.865396067216731,0.0109959153803693,0.876941963348674,0.0295111741841081,0.0583379175024377
PHM2010,force_z,Saturation,2,0.3,fraction,OracleGate,0.0109959153803692,0.0150542376025992,0.865396067216731,0.0109959153803693,0.876941963348674,0.0295111741841081,0.0583379175024377
PHM2010,force_z,Saturation,3,0.5,fraction,FullModel,0.0203992142933942,0.0271579593050492,0.561939108216696,0.0203992142933942,1.62687019810612,0.0537369928276257,0.0669371325194403
PHM2010,force_z,Saturation,3,0.5,fraction,AutoGate,0.0109959153803692,0.0150542376025992,0.865396067216731,0.0109959153803693,0.876941963348674,0.0295111741841081,0.0583379175024377
PHM2010,force_z,Saturation,3,0.5,fraction,OracleGate,0.0109959153803692,0.0150542376025992,0.865396067216731,0.0109959153803693,0.876941963348674,0.0295111741841081,0.0583379175024377
PHM2010,force_z,Saturation,4,0.7,fraction,FullModel,0.0221053306601908,0.0301372784893778,0.460553624894467,0.0221053306601908,1.7629357264996,0.059835221585152,0.0737816672964531
PHM2010,force_z,Saturation,4,0.7,fraction,AutoGate,0.0109959153803692,0.0150542376025992,0.865396067216731,0.0109959153803693,0.876941963348674,0.0295111741841081,0.0583379175024377
PHM2010,force_z,Saturation,4,0.7,fraction,OracleGate,0.0109959153803692,0.0150542376025992,0.865396067216731,0.0109959153803693,0.876941963348674,0.0295111741841081,0.0583379175024377
PHM2010,force_z,Dropout,1,0.1,fraction,FullModel,0.0128809513098335,0.01679395028118,0.832487992729205,0.0128809513098335,1.02727661506111,0.034372775187743,0.0515354266058921
PHM2010,force_z,Dropout,1,0.1,fraction,AutoGate,0.0109959153803692,0.0150542376025992,0.865396067216731,0.0109959153803693,0.876941963348674,0.0295111741841081,0.0583379175024377
PHM2010,force_z,Dropout,1,0.1,fraction,OracleGate,0.0109959153803692,0.0150542376025992,0.865396067216731,0.0109959153803693,0.876941963348674,0.0295111741841081,0.0583379175024377
PHM2010,force_z,Dropout,2,0.3,fraction,FullModel,0.0153395949404326,0.0203126236170665,0.754940095928577,0.0153395949404326,1.22335740488252,0.0421907009145398,0.0676318920361497
PHM2010,force_z,Dropout,2,0.3,fraction,AutoGate,0.0109959153803692,0.0150542376025992,0.865396067216731,0.0109959153803693,0.876941963348674,0.0295111741841081,0.0583379175024377
PHM2010,force_z,Dropout,2,0.3,fraction,OracleGate,0.0109959153803692,0.0150542376025992,0.865396067216731,0.0109959153803693,0.876941963348674,0.0295111741841081,0.0583379175024377
PHM2010,force_z,Dropout,3,0.5,fraction,FullModel,0.0231686394106055,0.0293050863248783,0.489934174637259,0.0231686394106055,1.84773631207878,0.0617726975313637,0.0887823057751639
PHM2010,force_z,Dropout,3,0.5,fraction,AutoGate,0.0109959153803692,0.0150542376025992,0.865396067216731,0.0109959153803693,0.876941963348674,0.0295111741841081,0.0583379175024377
PHM2010,force_z,Dropout,3,0.5,fraction,OracleGate,0.0109959153803692,0.0150542376025992,0.865396067216731,0.0109959153803693,0.876941963348674,0.0295111741841081,0.0583379175024377
PHM2010,force_z,Dropout,4,0.7,fraction,FullModel,0.038367066460994,0.0487654993726928,-0.412425560256627,0.038367066460994,3.05983535034291,0.101277264489341,0.137823745821803
PHM2010,force_z,Dropout,4,0.7,fraction,AutoGate,0.0109959153803692,0.0150542376025992,0.865396067216731,0.0109959153803693,0.876941963348674,0.0295111741841081,0.0583379175024377
PHM2010,force_z,Dropout,4,0.7,fraction,OracleGate,0.0109959153803692,0.0150542376025992,0.865396067216731,0.0109959153803693,0.876941963348674,0.0295111741841081,0.0583379175024377
PHM2010,force_z,Bias,1,0.5,signal_sd,FullModel,0.013337095065785,0.0168346597270348,0.831674892049785,0.013337095065785,1.06365481433567,0.0305873876143434,0.0580652439422699
PHM2010,force_z,Bias,1,0.5,signal_sd,AutoGate,0.0124710552963071,0.0161955267043966,0.844213302965855,0.0124710552963071,0.994586747738888,0.0305873876143434,0.0583379175024377
PHM2010,force_z,Bias,1,0.5,signal_sd,OracleGate,0.0109959153803692,0.0150542376025992,0.865396067216731,0.0109959153803693,0.876941963348674,0.0295111741841081,0.0583379175024377
PHM2010,force_z,Bias,2,1,signal_sd,FullModel,0.0150516119972662,0.0187010229160057,0.792283526237951,0.0150516119972662,1.20039030129403,0.0335459807102587,0.06433763260484
PHM2010,force_z,Bias,2,1,signal_sd,AutoGate,0.0125435321520139,0.0166387230155194,0.835570324114032,0.0125435321520139,1.00036689372422,0.0335459807102587,0.0583379175024377
PHM2010,force_z,Bias,2,1,signal_sd,OracleGate,0.0109959153803692,0.0150542376025992,0.865396067216731,0.0109959153803693,0.876941963348674,0.0295111741841081,0.0583379175024377
PHM2010,force_z,Bias,3,2,signal_sd,FullModel,0.0213886619865874,0.0251771083754256,0.623511326489708,0.0213886619865874,1.70578024539957,0.041600774766141,0.07734047838608
PHM2010,force_z,Bias,3,2,signal_sd,AutoGate,0.0128405625830756,0.0175694779409149,0.816659702953526,0.0128405625830756,1.02405554904568,0.0375488145877564,0.0583379175024377
PHM2010,force_z,Bias,3,2,signal_sd,OracleGate,0.0109959153803692,0.0150542376025992,0.865396067216731,0.0109959153803693,0.876941963348674,0.0295111741841081,0.0583379175024377
PHM2010,force_z,Bias,4,3,signal_sd,FullModel,0.0292834665204066,0.0331005291461577,0.349256124429476,0.0292834665204066,2.3354036235952,0.0539794430785467,0.0903493958447086
PHM2010,force_z,Bias,4,3,signal_sd,AutoGate,0.0121123259329989,0.0166182588508777,0.83597454343795,0.0121123259329989,0.965977503188686,0.0363777277071269,0.0594282013920573
PHM2010,force_z,Bias,4,3,signal_sd,OracleGate,0.0109959153803692,0.0150542376025992,0.865396067216731,0.0109959153803693,0.876941963348674,0.0295111741841081,0.0583379175024377
PHM2010,force_z,Noise,1,0.25,signal_sd,FullModel,0.0125933579293805,0.0164045505631295,0.840166102589343,0.0125933579293805,1.0043405797265,0.0325986719708507,0.0527877331950677
PHM2010,force_z,Noise,1,0.25,signal_sd,AutoGate,0.0126617343419558,0.0164639412001897,0.83900669009452,0.0126617343419558,1.00979370876727,0.0325986719708507,0.0527877331950677
PHM2010,force_z,Noise,1,0.25,signal_sd,OracleGate,0.0109959153803692,0.0150542376025992,0.865396067216731,0.0109959153803693,0.876941963348674,0.0295111741841081,0.0583379175024377
PHM2010,force_z,Noise,2,0.5,signal_sd,FullModel,0.0124123707760858,0.0162098456939227,0.843937709063355,0.0124123707760858,0.989906562724645,0.0341735998070859,0.052200602959494
PHM2010,force_z,Noise,2,0.5,signal_sd,AutoGate,0.0124585130773972,0.0162599763842979,0.842970937626094,0.0124585130773972,0.993586485578331,0.0341735998070859,0.052200602959494
PHM2010,force_z,Noise,2,0.5,signal_sd,OracleGate,0.0109959153803692,0.0150542376025992,0.865396067216731,0.0109959153803693,0.876941963348674,0.0295111741841081,0.0583379175024377
PHM2010,force_z,Noise,3,1,signal_sd,FullModel,0.012296605511747,0.0159871937320927,0.848195483812524,0.012296605511747,0.980674096423742,0.0325554241192903,0.0550827224030713
PHM2010,force_z,Noise,3,1,signal_sd,AutoGate,0.0123099428397083,0.0160873841429732,0.846286829299169,0.0123099428397083,0.981737769811873,0.0323461105925383,0.0554362178472973
PHM2010,force_z,Noise,3,1,signal_sd,OracleGate,0.0109959153803692,0.0150542376025992,0.865396067216731,0.0109959153803693,0.876941963348674,0.0295111741841081,0.0583379175024377
PHM2010,force_z,Noise,4,2,signal_sd,FullModel,0.0142563933110506,0.0180601410587935,0.806276417132333,0.0142563933110506,1.13697033016307,0.0331044717571759,0.0659103533338933
PHM2010,force_z,Noise,4,2,signal_sd,AutoGate,0.0117901020850794,0.0157845644328537,0.852019182898273,0.0117901020850794,0.940279632292298,0.0309524334822352,0.0588033495153467
PHM2010,force_z,Noise,4,2,signal_sd,OracleGate,0.0109959153803692,0.0150542376025992,0.865396067216731,0.0109959153803693,0.876941963348674,0.0295111741841081,0.0583379175024377
PHM2010,vibration_x,Saturation,1,0.1,fraction,FullModel,0.0124447548634891,0.0160126044582235,0.847712531186958,0.0124447548634891,0.992489245857999,0.029852771057074,0.0537207133381053
PHM2010,vibration_x,Saturation,1,0.1,fraction,AutoGate,0.0129429317823455,0.0166164422930833,0.836010401037597,0.0129429317823455,1.03221965757951,0.0297515529309233,0.0653147513616117
PHM2010,vibration_x,Saturation,1,0.1,fraction,OracleGate,0.0129382346042603,0.0166151746878318,0.836035420370159,0.0129382346042603,1.0318450500612,0.0297515529309233,0.0653147513616117
PHM2010,vibration_x,Saturation,2,0.3,fraction,FullModel,0.0133173084673469,0.0169866791103537,0.828621166671408,0.0133173084673469,1.0620768012388,0.0316151542117775,0.0578581756819556
PHM2010,vibration_x,Saturation,2,0.3,fraction,AutoGate,0.0129443863737043,0.0166170892605986,0.83599763079389,0.0129443863737043,1.03233566358337,0.0297515529309233,0.0653147513616117
PHM2010,vibration_x,Saturation,2,0.3,fraction,OracleGate,0.0129382346042603,0.0166151746878318,0.836035420370159,0.0129382346042603,1.0318450500612,0.0297515529309233,0.0653147513616117
PHM2010,vibration_x,Saturation,3,0.5,fraction,FullModel,0.0149043597055233,0.0189174655266516,0.787447548185759,0.0149043597055233,1.18864669383965,0.0363866180808936,0.0602518298618925
PHM2010,vibration_x,Saturation,3,0.5,fraction,AutoGate,0.0129417982990186,0.016616021548834,0.836018705680185,0.0129417982990186,1.03212926045842,0.0297515529309233,0.0653147513616117
PHM2010,vibration_x,Saturation,3,0.5,fraction,OracleGate,0.0129382346042603,0.0166151746878318,0.836035420370159,0.0129382346042603,1.0318450500612,0.0297515529309233,0.0653147513616117
PHM2010,vibration_x,Saturation,4,0.7,fraction,FullModel,0.0172738017169921,0.021955384890556,0.713699355026581,0.0172738017169921,1.37761351085316,0.0417188558837905,0.0699410886796935
PHM2010,vibration_x,Saturation,4,0.7,fraction,AutoGate,0.0129405769627576,0.0166156499679199,0.836026039762865,0.0129405769627576,1.03203185692433,0.0297515529309233,0.0653147513616117
PHM2010,vibration_x,Saturation,4,0.7,fraction,OracleGate,0.0129382346042603,0.0166151746878318,0.836035420370159,0.0129382346042603,1.0318450500612,0.0297515529309233,0.0653147513616117
PHM2010,vibration_x,Dropout,1,0.1,fraction,FullModel,0.0124912847547713,0.0161929298656693,0.84426325756157,0.0124912847547713,0.996200079636175,0.0317731188296324,0.0519969026704982
PHM2010,vibration_x,Dropout,1,0.1,fraction,AutoGate,0.0135592113347155,0.0173039956596388,0.822158541459161,0.0135592113347155,1.08136894455855,0.0317355496530915,0.0653147513616117
PHM2010,vibration_x,Dropout,1,0.1,fraction,OracleGate,0.0129382346042603,0.0166151746878318,0.836035420370159,0.0129382346042603,1.0318450500612,0.0297515529309233,0.0653147513616117
PHM2010,vibration_x,Dropout,2,0.3,fraction,FullModel,0.0125499924696389,0.016363039177932,0.840973992044593,0.0125499924696389,1.00088211446082,0.0335247240902877,0.0515100883777031
PHM2010,vibration_x,Dropout,2,0.3,fraction,AutoGate,0.0138343126451326,0.0176205606376911,0.815592040977099,0.0138343126451326,1.10330871718609,0.0332301897521886,0.0653147513616117
PHM2010,vibration_x,Dropout,2,0.3,fraction,OracleGate,0.0129382346042603,0.0166151746878318,0.836035420370159,0.0129382346042603,1.0318450500612,0.0297515529309233,0.0653147513616117
PHM2010,vibration_x,Dropout,3,0.5,fraction,FullModel,0.0125463869950149,0.0166700013220852,0.834951536732604,0.0125463869950149,1.00059457205201,0.035370451834406,0.0523792258406084
PHM2010,vibration_x,Dropout,3,0.5,fraction,AutoGate,0.0129382651025179,0.0166151788711304,0.836035337805528,0.0129382651025179,1.03184748234637,0.0297515529309233,0.0653147513616117
PHM2010,vibration_x,Dropout,3,0.5,fraction,OracleGate,0.0129382346042603,0.0166151746878318,0.836035420370159,0.0129382346042603,1.0318450500612,0.0297515529309233,0.0653147513616117
PHM2010,vibration_x,Dropout,4,0.7,fraction,FullModel,0.0124567694705965,0.0165238293003613,0.837833323507069,0.0124567694705965,0.993447430127446,0.0336836921726143,0.0634269037765665
PHM2010,vibration_x,Dropout,4,0.7,fraction,AutoGate,0.0129382343950434,0.0166151746593173,0.836035420932944,0.0129382343950434,1.03184503337581,0.0297515529309233,0.0653147513616117
PHM2010,vibration_x,Dropout,4,0.7,fraction,OracleGate,0.0129382346042603,0.0166151746878318,0.836035420370159,0.0129382346042603,1.0318450500612,0.0297515529309233,0.0653147513616117
PHM2010,vibration_x,Bias,1,0.5,signal_sd,FullModel,0.0117481691212693,0.0152988675028387,0.86098592209762,0.0117481691212693,0.936935410884564,0.0289674165245336,0.0524805319079558
PHM2010,vibration_x,Bias,1,0.5,signal_sd,AutoGate,0.0118123067844342,0.0153712226975549,0.859667893035704,0.0118123067844342,0.942050492832252,0.0298721452026369,0.0524805319079558
PHM2010,vibration_x,Bias,1,0.5,signal_sd,OracleGate,0.0129382346042603,0.0166151746878318,0.836035420370159,0.0129382346042603,1.0318450500612,0.0297515529309233,0.0653147513616117
PHM2010,vibration_x,Bias,2,1,signal_sd,FullModel,0.0124864249676834,0.016192188679523,0.844277514064275,0.0124864249676834,0.995812503787972,0.0312384336599752,0.0527140639209353
PHM2010,vibration_x,Bias,2,1,signal_sd,AutoGate,0.0125888969688204,0.0162970700177436,0.84225366444797,0.0125888969688204,1.0039848109363,0.0316926193810269,0.0527140639209353
PHM2010,vibration_x,Bias,2,1,signal_sd,OracleGate,0.0129382346042603,0.0166151746878318,0.836035420370159,0.0129382346042603,1.0318450500612,0.0297515529309233,0.0653147513616117
PHM2010,vibration_x,Bias,3,2,signal_sd,FullModel,0.018137858970971,0.0226477386449576,0.695357910302692,0.018137858970971,1.44652346864555,0.0430021390087278,0.0612066082835286
PHM2010,vibration_x,Bias,3,2,signal_sd,AutoGate,0.0185681301897028,0.0231780639310667,0.68092371320605,0.0185681301897028,1.48083829140243,0.0443537923927422,0.0653147513616117
PHM2010,vibration_x,Bias,3,2,signal_sd,OracleGate,0.0129382346042603,0.0166151746878318,0.836035420370159,0.0129382346042603,1.0318450500612,0.0297515529309233,0.0653147513616117
PHM2010,vibration_x,Bias,4,3,signal_sd,FullModel,0.024416400189243,0.0318694257213463,0.396761999363174,0.024416400189243,1.94724724401641,0.06424250527066,0.0935132120825969
PHM2010,vibration_x,Bias,4,3,signal_sd,AutoGate,0.0244915766730509,0.0320774113367167,0.388862627036072,0.0244915766730509,1.95324268969125,0.0647661778652121,0.0935132120825969
PHM2010,vibration_x,Bias,4,3,signal_sd,OracleGate,0.0129382346042603,0.0166151746878318,0.836035420370159,0.0129382346042603,1.0318450500612,0.0297515529309233,0.0653147513616117
PHM2010,vibration_x,Noise,1,0.25,signal_sd,FullModel,0.0126051911744957,0.0162945671784311,0.842302112839324,0.0126051911744957,1.00528430008493,0.0308888663132379,0.0524908350148418
PHM2010,vibration_x,Noise,1,0.25,signal_sd,AutoGate,0.0126532259256431,0.0163482632242885,0.841261065854021,0.0126532259256431,1.00911514886132,0.0311636986433393,0.0524908350148418
PHM2010,vibration_x,Noise,1,0.25,signal_sd,OracleGate,0.0129382346042603,0.0166151746878318,0.836035420370159,0.0129382346042603,1.0318450500612,0.0297515529309233,0.0653147513616117
PHM2010,vibration_x,Noise,2,0.5,signal_sd,FullModel,0.0128107967359809,0.0164971218949187,0.838357118684149,0.0128107967359809,1.02168167479429,0.0316777879029629,0.0533716355535259
PHM2010,vibration_x,Noise,2,0.5,signal_sd,AutoGate,0.0128550680500964,0.0165489084229265,0.837340691413773,0.0128550680500964,1.02521238340539,0.0323792728368312,0.0533716355535259
PHM2010,vibration_x,Noise,2,0.5,signal_sd,OracleGate,0.0129382346042603,0.0166151746878318,0.836035420370159,0.0129382346042603,1.0318450500612,0.0297515529309233,0.0653147513616117
PHM2010,vibration_x,Noise,3,1,signal_sd,FullModel,0.0137575879563913,0.0173855798673327,0.820477628201903,0.0137575879563913,1.09718979967402,0.0320866395595862,0.0564064752008738
PHM2010,vibration_x,Noise,3,1,signal_sd,AutoGate,0.013804919351834,0.0174380902661597,0.819391552559801,0.013804919351834,1.10096455470002,0.0327523356720061,0.0564064752008738
PHM2010,vibration_x,Noise,3,1,signal_sd,OracleGate,0.0129382346042603,0.0166151746878318,0.836035420370159,0.0129382346042603,1.0318450500612,0.0297515529309233,0.0653147513616117
PHM2010,vibration_x,Noise,4,2,signal_sd,FullModel,0.0173678934148997,0.0211298688120884,0.734824242656473,0.0173678934148997,1.3851174753203,0.0373941460949756,0.0692732388752499
PHM2010,vibration_x,Noise,4,2,signal_sd,AutoGate,0.0175197034593791,0.0212614708223823,0.73151079677904,0.0175197034593791,1.39722457089685,0.0381973290588951,0.0692732388752499
PHM2010,vibration_x,Noise,4,2,signal_sd,OracleGate,0.0129382346042603,0.0166151746878318,0.836035420370159,0.0129382346042603,1.0318450500612,0.0297515529309233,0.0653147513616117
PHM2010,vibration_y,Saturation,1,0.1,fraction,FullModel,0.0128879656745666,0.0165797280944282,0.836734273832625,0.0128879656745666,1.02783602194702,0.032685696656255,0.052760263420728
PHM2010,vibration_y,Saturation,1,0.1,fraction,AutoGate,0.0130497786692687,0.0168531404239276,0.831305122441995,0.0130497786692687,1.04074086891617,0.0307747254263327,0.0623312046092667
PHM2010,vibration_y,Saturation,1,0.1,fraction,OracleGate,0.0130449822204567,0.0168500052732894,0.831367880437977,0.0130449822204567,1.04035834439749,0.0307747254263327,0.0623312046092667
PHM2010,vibration_y,Saturation,2,0.3,fraction,FullModel,0.0147604629996932,0.0189559584591451,0.786581672022082,0.0147604629996932,1.17717069976686,0.0389974739224374,0.0557140730784582
PHM2010,vibration_y,Saturation,2,0.3,fraction,AutoGate,0.0130451305367654,0.0168500668952543,0.831366647030465,0.0130451305367654,1.04037017286201,0.0307747254263327,0.0623312046092667
PHM2010,vibration_y,Saturation,2,0.3,fraction,OracleGate,0.0130449822204567,0.0168500052732894,0.831367880437977,0.0130449822204567,1.04035834439749,0.0307747254263327,0.0623312046092667
PHM2010,vibration_y,Saturation,3,0.5,fraction,FullModel,0.0123397395493128,0.0158729136612804,0.850357992957462,0.0123397395493128,0.984114105398131,0.0303278478080677,0.05377794332553
PHM2010,vibration_y,Saturation,3,0.5,fraction,AutoGate,0.0130442551476671,0.0168497210362042,0.831373569587279,0.0130442551476671,1.04030035917138,0.0307747254263327,0.0623312046092667
PHM2010,vibration_y,Saturation,3,0.5,fraction,OracleGate,0.0130449822204567,0.0168500052732894,0.831367880437977,0.0130449822204567,1.04035834439749,0.0307747254263327,0.0623312046092667
PHM2010,vibration_y,Saturation,4,0.7,fraction,FullModel,0.0124763147580832,0.0160708982846335,0.846601708971824,0.0124763147580832,0.995006198287248,0.0305633001196404,0.0557634863918433
PHM2010,vibration_y,Saturation,4,0.7,fraction,AutoGate,0.013046074646803,0.0168504880660706,0.831358216875855,0.013046074646803,1.04044546715824,0.0307747254263327,0.0623312046092667
PHM2010,vibration_y,Saturation,4,0.7,fraction,OracleGate,0.0130449822204567,0.0168500052732894,0.831367880437977,0.0130449822204567,1.04035834439749,0.0307747254263327,0.0623312046092667
PHM2010,vibration_y,Dropout,1,0.1,fraction,FullModel,0.0123754341048641,0.0160582393490214,0.846843275343567,0.0123754341048641,0.986960803698655,0.031304591557766,0.0525837841289166
PHM2010,vibration_y,Dropout,1,0.1,fraction,AutoGate,0.0130862233819133,0.0167108512318372,0.834141641686775,0.0130862233819133,1.04364739345321,0.0311037309061257,0.0525837841289166
PHM2010,vibration_y,Dropout,1,0.1,fraction,OracleGate,0.0130449822204567,0.0168500052732894,0.831367880437977,0.0130449822204567,1.04035834439749,0.0307747254263327,0.0623312046092667
PHM2010,vibration_y,Dropout,2,0.3,fraction,FullModel,0.0119138734716505,0.0155628717239698,0.856146745351268,0.0119138734716505,0.95015059973716,0.029313818254578,0.0531264811470294
PHM2010,vibration_y,Dropout,2,0.3,fraction,AutoGate,0.0127205815976469,0.0162936999553597,0.84231889826299,0.0127205815976469,1.01448687219735,0.029969528565341,0.0531264811470294
PHM2010,vibration_y,Dropout,2,0.3,fraction,OracleGate,0.0130449822204567,0.0168500052732894,0.831367880437977,0.0130449822204567,1.04035834439749,0.0307747254263327,0.0623312046092667
PHM2010,vibration_y,Dropout,3,0.5,fraction,FullModel,0.01141039390635,0.0151427973722443,0.863807736273548,0.01141039390635,0.909997293420454,0.0301789557544925,0.0567326924919413
PHM2010,vibration_y,Dropout,3,0.5,fraction,AutoGate,0.013034847360906,0.0168414959494825,0.831538157296602,0.013034847360906,1.03955007302351,0.0307747254263327,0.0623312046092667
PHM2010,vibration_y,Dropout,3,0.5,fraction,OracleGate,0.0130449822204567,0.0168500052732894,0.831367880437977,0.0130449822204567,1.04035834439749,0.0307747254263327,0.0623312046092667
PHM2010,vibration_y,Dropout,4,0.7,fraction,FullModel,0.0120322091188496,0.0157110366560725,0.853394622588548,0.0120322091188496,0.959588058211433,0.0316500419384849,0.0532409187202021
PHM2010,vibration_y,Dropout,4,0.7,fraction,AutoGate,0.0130345621690508,0.0168403280709597,0.831561520559225,0.0130345621690509,1.03952732851369,0.0307747254263327,0.0623312046092667
PHM2010,vibration_y,Dropout,4,0.7,fraction,OracleGate,0.0130449822204567,0.0168500052732894,0.831367880437977,0.0130449822204567,1.04035834439749,0.0307747254263327,0.0623312046092667
PHM2010,vibration_y,Bias,1,0.5,signal_sd,FullModel,0.0129424471081028,0.0166773917996659,0.834805159136817,0.0129424471081028,1.03218100402797,0.0328149447110761,0.0533319839552037
PHM2010,vibration_y,Bias,1,0.5,signal_sd,AutoGate,0.0130207470434137,0.0167479511006139,0.833404377766473,0.0130207470434137,1.03842554999129,0.0328149447110761,0.0533319839552037
PHM2010,vibration_y,Bias,1,0.5,signal_sd,OracleGate,0.0130449822204567,0.0168500052732894,0.831367880437977,0.0130449822204567,1.04035834439749,0.0307747254263327,0.0623312046092667
PHM2010,vibration_y,Bias,2,1,signal_sd,FullModel,0.0128801694533144,0.0165074556553484,0.838154549777632,0.0128801694533144,1.02721426074433,0.031485524169305,0.0542194874380049
PHM2010,vibration_y,Bias,2,1,signal_sd,AutoGate,0.0129671099779812,0.0165928770000331,0.836475208439187,0.0129671099779812,1.03414790762669,0.0318083113145645,0.0542194874380049
PHM2010,vibration_y,Bias,2,1,signal_sd,OracleGate,0.0130449822204567,0.0168500052732894,0.831367880437977,0.0130449822204567,1.04035834439749,0.0307747254263327,0.0623312046092667
PHM2010,vibration_y,Bias,3,2,signal_sd,FullModel,0.0128772918080489,0.0164051695164737,0.840154041107833,0.0128772918080489,1.02698476389921,0.0304512044563104,0.0564569684099387
PHM2010,vibration_y,Bias,3,2,signal_sd,AutoGate,0.0129953708916552,0.016580776445121,0.836713626310848,0.0129953708916552,1.0364017610137,0.0306597130774832,0.0564569684099387
PHM2010,vibration_y,Bias,3,2,signal_sd,OracleGate,0.0130449822204567,0.0168500052732894,0.831367880437977,0.0130449822204567,1.04035834439749,0.0307747254263327,0.0623312046092667
PHM2010,vibration_y,Bias,4,3,signal_sd,FullModel,0.0150092877289213,0.0185710468474832,0.79516083933969,0.0150092877289213,1.19701487271934,0.0331680863234259,0.0590894494663912
PHM2010,vibration_y,Bias,4,3,signal_sd,AutoGate,0.0147446603481536,0.0183351566640576,0.800331540718035,0.0147446603481536,1.17591041285232,0.0343554775445358,0.0590894494663912
PHM2010,vibration_y,Bias,4,3,signal_sd,OracleGate,0.0130449822204567,0.0168500052732894,0.831367880437977,0.0130449822204567,1.04035834439749,0.0307747254263327,0.0623312046092667
PHM2010,vibration_y,Noise,1,0.25,signal_sd,FullModel,0.0126660722101856,0.0163636354875213,0.840962401231864,0.0126660722101856,1.01013966074585,0.0315700808307077,0.0519924480064954
PHM2010,vibration_y,Noise,1,0.25,signal_sd,AutoGate,0.0127350986140865,0.0164292595479465,0.839684247554503,0.0127350986140865,1.01564462764181,0.0315700808307077,0.0519924480064954
PHM2010,vibration_y,Noise,1,0.25,signal_sd,OracleGate,0.0130449822204567,0.0168500052732894,0.831367880437977,0.0130449822204567,1.04035834439749,0.0307747254263327,0.0623312046092667
PHM2010,vibration_y,Noise,2,0.5,signal_sd,FullModel,0.0129275618084803,0.0167081444874808,0.834195367234424,0.0129275618084803,1.03099387740644,0.0321623977595904,0.053249014164388
PHM2010,vibration_y,Noise,2,0.5,signal_sd,AutoGate,0.0129985744214969,0.0167761042208125,0.83284381622376,0.0129985744214969,1.03665724767869,0.0323259914740775,0.053249014164388
PHM2010,vibration_y,Noise,2,0.5,signal_sd,OracleGate,0.0130449822204567,0.0168500052732894,0.831367880437977,0.0130449822204567,1.04035834439749,0.0307747254263327,0.0623312046092667
PHM2010,vibration_y,Noise,3,1,signal_sd,FullModel,0.0144974065791853,0.018602408601955,0.794468413127999,0.0144974065791853,1.15619152651099,0.038020666028883,0.0561088992033487
PHM2010,vibration_y,Noise,3,1,signal_sd,AutoGate,0.0145738446408903,0.0186745335110423,0.79287155705415,0.0145738446408903,1.16228758505522,0.038020666028883,0.0561088992033487
PHM2010,vibration_y,Noise,3,1,signal_sd,OracleGate,0.0130449822204567,0.0168500052732894,0.831367880437977,0.0130449822204567,1.04035834439749,0.0307747254263327,0.0623312046092667
PHM2010,vibration_y,Noise,4,2,signal_sd,FullModel,0.0196300603748899,0.0254104584861663,0.616500131924304,0.0196300603748899,1.56552893418418,0.0557735942345141,0.0824918510987474
PHM2010,vibration_y,Noise,4,2,signal_sd,AutoGate,0.0197235972636755,0.0254775464092811,0.614472449259853,0.0197235972636755,1.57298865173017,0.0557735942345141,0.0824918510987474
PHM2010,vibration_y,Noise,4,2,signal_sd,OracleGate,0.0130449822204567,0.0168500052732894,0.831367880437977,0.0130449822204567,1.04035834439749,0.0307747254263327,0.0623312046092667
