Repeat,Seed,Dataset,Experiment,RunLevelN,CleanFullMAE,CleanMedianMAE,CleanSingleSQTR_MAE,CleanSubsetRoutingMAE,CleanAnyTriggerRate,FullRelativeMAE,MedianRelativeMAE,SingleSQTR_RelativeMAE,SubsetRoutingRelativeMAE,OraclePairExclusionRelativeMAE,SubsetImprovementPercent,SingleImprovementPercent
1,2026081501,NUAA,W1,29,0.0189662457220917,0.0188031553844995,0.01855793107983,0.01855793107983,0.0689655172413793,3.39992854219172,1.09894273466533,2.18212519698149,1.0426247508396,0.897245235256814,69.333921642733,35.8184982448246
1,2026081501,NUAA,W2,17,0.0148476120149696,0.0144463930649372,0.0139356538370896,0.0139356538370896,0.117647058823529,3.38911999554163,1.27386776419873,2.18585927227873,1.32433828507685,1.30145579841828,60.9238301736436,35.5036329444157
1,2026081501,NUAA,W3,11,0.0295033416448534,0.0295033416448534,0.0295033416448534,0.0295033416448534,0,1.35093965871914,0.98405099808476,1.22350506698046,0.940481229264436,0.884640170041743,30.3831800928746,9.43303358637817
1,2026081501,NUAA,W4,28,0.0499947737234601,0.0498829239877363,0.0498742564749862,0.0498742564749862,0.0357142857142857,1.47013135887711,0.948868337156398,1.15493789529452,0.958161268471949,0.940176092670744,34.824785371302,21.4398163592218
1,2026081501,NUAA,W5,7,0.0243134056071281,0.0289433481729886,0.0308928557556908,0.0308928557556908,0.142857142857143,2.52245802703064,1.2749602182443,2.13566427835009,1.58316531643631,1.61660246794397,37.2371988167444,15.3340013802282
1,2026081501,NUAA,W6,14,0.0360025923619169,0.0360025923619169,0.0360025923619169,0.0360025923619169,0,1.40704777975477,1.06440370077948,1.31252679824476,1.03753736125917,0.984256071863097,26.2613980713573,6.71768101055364
1,2026081501,NUAA,W7,8,0.0769839701819179,0.0769839701819179,0.0769839701819179,0.0769839701819179,0,1.13665291477328,1.01004294328152,1.06853184512655,0.996510988460863,0.987694639914898,12.3293508942767,5.99312848815593
1,2026081501,NUAA,W8,31,0.0589604040915583,0.0589604040915583,0.0589604040915583,0.0589604040915583,0,1.52825099442238,1.07887640810485,1.25381120803038,1.29770613111687,1.48740138951196,15.0855366132213,17.9577692011075
1,2026081501,NUAA,W9,7,0.052176046086479,0.052176046086479,0.052176046086479,0.052176046086479,0,0.935692184666019,1.17026538731439,1.10095671354838,1.19910132532412,1.20304456592544,-28.151260101859,-17.6622752215618
1,2026081501,PHM2010,c1,315,0.00801215564201792,0.00798163864359124,0.00819049407155347,0.00816423872305722,0.053968253968254,1.34041763787599,1.02723482619545,1.16200739685618,1.22294093859029,1.26832012139733,8.76418632269366,13.310048747383
1,2026081501,PHM2010,c4,315,0.0150087833008585,0.0151961149394473,0.0150591275367102,0.0150591275367102,0.0285714285714286,1.05884921028544,1.23298941042071,1.03943250970116,1.08161203301114,1.08627253308084,-2.14977000545412,1.83375502344172
1,2026081501,PHM2010,c6,315,0.0145958561471217,0.0146218544703782,0.0145758642916344,0.0145758642916344,0.00634920634920635,1.79511960245638,1.16565628025547,1.19181103611457,1.0701376146869,0.747324708690607,40.3862777041397,33.6082657398571
2,2026081502,NUAA,W1,29,0.0189662457220917,0.0188031553844995,0.01855793107983,0.01855793107983,0.0689655172413793,3.15690428015864,1.13296906221208,2.25724809432829,1.08995384696322,0.897245235256814,65.4739659414555,28.49805081151
2,2026081502,NUAA,W2,17,0.0148476120149696,0.0144463930649372,0.0139356538370896,0.0139356538370896,0.117647058823529,3.27554748559263,1.27622237943523,2.14388070783816,1.31175371497672,1.30145579841828,59.9531461306419,34.548935185097
2,2026081502,NUAA,W3,11,0.0295033416448534,0.0295033416448534,0.0295033416448534,0.0295033416448534,0,1.43839148470929,1.00515694025462,1.27023308103313,0.948197131932428,0.884640170041743,34.0793419585584,11.6907257491273
2,2026081502,NUAA,W4,28,0.0499947737234601,0.0498829239877363,0.0498742564749862,0.0498742564749862,0.0357142857142857,1.51558269924375,0.98567471054497,1.15692876823323,0.997199037285586,0.940176092670744,34.2035879808358,23.6644249891132
2,2026081502,NUAA,W5,7,0.0243134056071281,0.0289433481729886,0.0308928557556908,0.0308928557556908,0.142857142857143,2.39644057781755,1.30715056283414,2.34774486322347,1.6242189670783,1.61660246794397,32.2236911646071,2.03200175480373
2,2026081502,NUAA,W6,14,0.0360025923619169,0.0360025923619169,0.0360025923619169,0.0360025923619169,0,1.45343287657005,1.03604572040607,1.27891068978438,1.0023279110161,0.984256071863097,31.0372066592101,12.0075849114906
2,2026081502,NUAA,W7,8,0.0769839701819179,0.0769839701819179,0.0769839701819179,0.0769839701819179,0,1.06864206475262,1.01156729833885,1.05426401459922,0.992362772190924,0.987694639914898,7.13796462610312,1.34545051403455
2,2026081502,NUAA,W8,31,0.0589604040915583,0.0589604040915583,0.0589604040915583,0.0589604040915583,0,1.5141534093193,1.08196709209631,1.21450380937014,1.31499112220099,1.48740138951196,13.1533757340904,19.7899101970039
2,2026081502,NUAA,W9,7,0.052176046086479,0.052176046086479,0.052176046086479,0.052176046086479,0,0.910473536661204,1.09234515199959,1.00613392139901,1.12583770671627,1.20304456592544,-23.6540834393526,-10.5066628392736
2,2026081502,PHM2010,c1,315,0.00801215564201792,0.00798163864359124,0.00819049407155347,0.00816423872305722,0.053968253968254,1.35298248510469,1.04242762929179,1.17326650490641,1.23700898739914,1.26832012139733,8.57169246330509,13.2829494968947
2,2026081502,PHM2010,c4,315,0.0150087833008585,0.0151961149394473,0.0150591275367102,0.0150591275367102,0.0285714285714286,1.0598551730663,1.22731144271204,1.03709303411409,1.08030992853295,1.08627253308084,-1.9299576004782,2.14766503298278
2,2026081502,PHM2010,c6,315,0.0145958561471217,0.0146218544703782,0.0145758642916344,0.0145758642916344,0.00634920634920635,1.7856770713661,1.15230737961936,1.18024042636146,1.05589219826455,0.747324708690607,40.8688046010045,33.9051587049532
3,2026081503,NUAA,W1,29,0.0189662457220917,0.0188031553844995,0.01855793107983,0.01855793107983,0.0689655172413793,3.20607420162345,1.10041293197047,2.11159680667034,1.04847076420222,0.897245235256814,67.2973643694424,34.1376189733508
3,2026081503,NUAA,W2,17,0.0148476120149696,0.0144463930649372,0.0139356538370896,0.0139356538370896,0.117647058823529,3.33142207116598,1.34202655190866,2.31054947732625,1.3844540657432,1.30145579841828,58.4425498730442,30.6437482862214
3,2026081503,NUAA,W3,11,0.0295033416448534,0.0295033416448534,0.0295033416448534,0.0295033416448534,0,1.61919832869822,0.984349505314564,1.27278077159051,0.942227227653819,0.884640170041743,41.8090291378118,21.3943870227572
3,2026081503,NUAA,W4,28,0.0499947737234601,0.0498829239877363,0.0498742564749862,0.0498742564749862,0.0357142857142857,1.60428005366124,0.967730094213436,1.12098938616244,0.988067132267552,0.940176092670744,38.4105580560818,30.1250811163455
3,2026081503,NUAA,W5,7,0.0243134056071281,0.0289433481729886,0.0308928557556908,0.0308928557556908,0.142857142857143,2.34646301698337,1.37122472861199,2.32231370309221,1.68809327138964,1.61660246794397,28.0579638727969,1.02917939538634
3,2026081503,NUAA,W6,14,0.0360025923619169,0.0360025923619169,0.0360025923619169,0.0360025923619169,0,1.40955342165938,1.01693309832803,1.25006456348051,0.980805579573783,0.984256071863097,30.4172822042358,11.3148502020669
3,2026081503,NUAA,W7,8,0.0769839701819179,0.0769839701819179,0.0769839701819179,0.0769839701819179,0,1.04717169046911,1.00887092881124,1.0669738873327,0.995329689752614,0.987694639914898,4.95066866191434,-1.89101720795359
3,2026081503,NUAA,W8,31,0.0589604040915583,0.0589604040915583,0.0589604040915583,0.0589604040915583,0,1.49774979046203,1.10035436942726,1.24978024754696,1.31780244069617,1.48740138951196,12.0145134328713,16.5561393828389
3,2026081503,NUAA,W9,7,0.052176046086479,0.052176046086479,0.052176046086479,0.052176046086479,0,0.871748189353905,1.07853728375191,1.03794370006697,1.11287460771612,1.20304456592544,-27.6600997061921,-19.0646235624809
3,2026081503,PHM2010,c1,315,0.00801215564201792,0.00798163864359124,0.00819049407155347,0.00816423872305722,0.053968253968254,1.34652111461469,1.02693804002983,1.17021121499082,1.22938912375664,1.26832012139733,8.6988603139406,13.093734491815
3,2026081503,PHM2010,c4,315,0.0150087833008585,0.0151961149394473,0.0150591275367102,0.0150591275367102,0.0285714285714286,1.05748978209247,1.22816785844351,1.03813691105334,1.08020282206333,1.08627253308084,-2.14782595118078,1.83007640989527
3,2026081503,PHM2010,c6,315,0.0145958561471217,0.0146218544703782,0.0145758642916344,0.0145758642916344,0.00634920634920635,1.76625740578915,1.15398351061405,1.16097858611449,1.05100386452508,0.747324708690607,40.4954305595397,34.2690039226888
4,2026081504,NUAA,W1,29,0.0189662457220917,0.0188031553844995,0.01855793107983,0.01855793107983,0.0689655172413793,3.30894997014243,1.13000046192523,2.2390336087708,1.0802946235483,0.897245235256814,67.3523433930373,32.3340144464492
4,2026081504,NUAA,W2,17,0.0148476120149696,0.0144463930649372,0.0139356538370896,0.0139356538370896,0.117647058823529,3.6806073059757,1.29429240297999,2.31901567374513,1.35375897309333,1.30145579841828,63.2191412842274,36.9936675944738
4,2026081504,NUAA,W3,11,0.0295033416448534,0.0295033416448534,0.0295033416448534,0.0295033416448534,0,1.30992607591639,0.945182097677466,1.19835387538798,0.902940357036166,0.884640170041743,31.0693653911351,8.51744251677336
4,2026081504,NUAA,W4,28,0.0499947737234601,0.0498829239877363,0.0498742564749862,0.0498742564749862,0.0357142857142857,1.54836423532551,0.989175562001887,1.14614908498784,1.00882796811696,0.940176092670744,34.8455650743655,25.9767786649443
4,2026081504,NUAA,W5,7,0.0243134056071281,0.0289433481729886,0.0308928557556908,0.0308928557556908,0.142857142857143,2.35525713852528,1.31991199297606,2.2934891101167,1.60927017340801,1.61660246794397,31.6732705280905,2.62255986398403
4,2026081504,NUAA,W6,14,0.0360025923619169,0.0360025923619169,0.0360025923619169,0.0360025923619169,0,1.45555015482354,1.02942424785979,1.28527409462074,0.994868151977102,0.984256071863097,31.6500260276013,11.6983986871584
4,2026081504,NUAA,W7,8,0.0769839701819179,0.0769839701819179,0.0769839701819179,0.0769839701819179,0,1.04836971426237,1.02285579633258,1.06320321862864,1.00585242339876,0.987694639914898,4.05556267843242,-1.41491156835842
4,2026081504,NUAA,W8,31,0.0589604040915583,0.0589604040915583,0.0589604040915583,0.0589604040915583,0,1.49721302954953,1.08313303399977,1.24753051193005,1.30066722684139,1.48740138951196,13.1274440463076,16.6764857566469
4,2026081504,NUAA,W9,7,0.052176046086479,0.052176046086479,0.052176046086479,0.052176046086479,0,0.862670952468919,1.11213106951741,0.971300795013077,1.14965918196423,1.20304456592544,-33.2674038315498,-12.5922684927857
4,2026081504,PHM2010,c1,315,0.00801215564201792,0.00798163864359124,0.00819049407155347,0.00816423872305722,0.053968253968254,1.34269359221188,1.02639269929322,1.17146732334264,1.23138924366749,1.26832012139733,8.2896313194611,12.7524455216308
4,2026081504,PHM2010,c4,315,0.0150087833008585,0.0151961149394473,0.0150591275367102,0.0150591275367102,0.0285714285714286,1.06220743254422,1.23210485485934,1.04163162173683,1.08312710118801,1.08627253308084,-1.96945229367136,1.9370802893092
4,2026081504,PHM2010,c6,315,0.0145958561471217,0.0146218544703782,0.0145758642916344,0.0145758642916344,0.00634920634920635,1.82801302317974,1.17204857091296,1.19285891987681,1.07066030177298,0.747324708690607,41.4303788760421,34.7456005646015
5,2026081505,NUAA,W1,29,0.0189662457220917,0.0188031553844995,0.01855793107983,0.01855793107983,0.0689655172413793,3.47151779998512,1.12133462024094,2.31722549569079,1.07550456191792,0.897245235256814,69.019183426842,33.2503639848622
5,2026081505,NUAA,W2,17,0.0148476120149696,0.0144463930649372,0.0139356538370896,0.0139356538370896,0.117647058823529,3.31017908139669,1.32232559361946,2.34478407829869,1.37237950456307,1.30145579841828,58.5406266302664,29.164434290687
5,2026081505,NUAA,W3,11,0.0295033416448534,0.0295033416448534,0.0295033416448534,0.0295033416448534,0,1.34810383604214,0.979766031276443,1.22793241686344,0.937049113043539,0.884640170041743,30.4913250751816,8.91410705658354
5,2026081505,NUAA,W4,28,0.0499947737234601,0.0498829239877363,0.0498742564749862,0.0498742564749862,0.0357142857142857,1.62613978916098,0.972625086450715,1.15034321430762,0.98455434869435,0.940176092670744,39.4545072166066,29.2592665172315
5,2026081505,NUAA,W5,7,0.0243134056071281,0.0289433481729886,0.0308928557556908,0.0308928557556908,0.142857142857143,2.09306858409728,1.30253734144978,2.25202514478766,1.60064918189511,1.61660246794397,23.5261952686825,-7.59442676165062
5,2026081505,NUAA,W6,14,0.0360025923619169,0.0360025923619169,0.0360025923619169,0.0360025923619169,0,1.42386273630589,1.05093530022122,1.24463128611827,1.01276806351828,0.984256071863097,28.8717909602838,12.5876916094188
5,2026081505,NUAA,W7,8,0.0769839701819179,0.0769839701819179,0.0769839701819179,0.0769839701819179,0,1.07596264531639,1.01218513980895,1.07093355890929,1.00195386023978,0.987694639914898,6.87837866851244,0.467403439049664
5,2026081505,NUAA,W8,31,0.0589604040915583,0.0589604040915583,0.0589604040915583,0.0589604040915583,0,1.5064926441033,1.07312375683071,1.21921569527339,1.29806403624226,1.48740138951196,13.835355165979,19.0692566574664
5,2026081505,NUAA,W9,7,0.052176046086479,0.052176046086479,0.052176046086479,0.052176046086479,0,0.877888435540866,1.13830306451632,1.03604648364747,1.18077921079853,1.20304456592544,-34.5021944697394,-18.0157343124317
5,2026081505,PHM2010,c1,315,0.00801215564201792,0.00798163864359124,0.00819049407155347,0.00816423872305722,0.053968253968254,1.33451200092702,1.03043693693448,1.17781259363689,1.23649623067499,1.26832012139733,7.34469005778495,11.7420755438152
5,2026081505,PHM2010,c4,315,0.0150087833008585,0.0151961149394473,0.0150591275367102,0.0150591275367102,0.0285714285714286,1.06421637616777,1.23314773214002,1.04395942897224,1.08505747038307,1.08627253308084,-1.95835120394868,1.90346133071866
5,2026081505,PHM2010,c6,315,0.0145958561471217,0.0146218544703782,0.0145758642916344,0.0145758642916344,0.00634920634920635,1.78363837402753,1.15207065745382,1.16786560090079,1.04917268175015,0.747324708690607,41.1779485669467,34.5234091222372
6,2026081506,NUAA,W1,29,0.0189662457220917,0.0188031553844995,0.01855793107983,0.01855793107983,0.0689655172413793,3.13413734358498,1.16986684626493,2.22178045798098,1.11705266553259,0.897245235256814,64.3585285814293,29.11030326962
6,2026081506,NUAA,W2,17,0.0148476120149696,0.0144463930649372,0.0139356538370896,0.0139356538370896,0.117647058823529,3.06010563005217,1.37125600072005,2.28036030089026,1.40660512088646,1.30145579841828,54.0340991149877,25.4809939076716
6,2026081506,NUAA,W3,11,0.0295033416448534,0.0295033416448534,0.0295033416448534,0.0295033416448534,0,1.53250887604395,0.997906938970995,1.28359999785855,0.951301551898657,0.884640170041743,37.9252174803474,16.2419208186212
6,2026081506,NUAA,W4,28,0.0499947737234601,0.0498829239877363,0.0498742564749862,0.0498742564749862,0.0357142857142857,1.51518985769299,0.948476610982243,1.1559330661963,0.969947380719468,0.940176092670744,35.9850928387089,23.7103482228751
6,2026081506,NUAA,W5,7,0.0243134056071281,0.0289433481729886,0.0308928557556908,0.0308928557556908,0.142857142857143,2.52319882287612,1.29679738195617,2.25659219690651,1.61225568321025,1.61660246794397,36.1027094419582,10.5662155337295
6,2026081506,NUAA,W6,14,0.0360025923619169,0.0360025923619169,0.0360025923619169,0.0360025923619169,0,1.49776700582648,1.03130195899479,1.27352771359888,0.989597217477116,0.984256071863097,33.9284939762011,14.9715737731762
6,2026081506,NUAA,W7,8,0.0769839701819179,0.0769839701819179,0.0769839701819179,0.0769839701819179,0,1.05617405483448,1.01433944915034,1.08582904604534,1.0062522398289,0.987694639914898,4.72666553179102,-2.80777501351388
6,2026081506,NUAA,W8,31,0.0589604040915583,0.0589604040915583,0.0589604040915583,0.0589604040915583,0,1.56030364076098,1.06558221917498,1.2347674739095,1.28145342548641,1.48740138951196,17.8715352569819,20.8636420724306
6,2026081506,NUAA,W9,7,0.052176046086479,0.052176046086479,0.052176046086479,0.052176046086479,0,0.840355727320979,1.12627974476315,1.00885056381098,1.15808424887275,1.20304456592544,-37.8088125328393,-20.0504180565478
6,2026081506,PHM2010,c1,315,0.00801215564201792,0.00798163864359124,0.00819049407155347,0.00816423872305722,0.053968253968254,1.33759627795728,1.0293056839353,1.17804266046625,1.23673545682156,1.26832012139733,7.54045318440548,11.9283837821896
6,2026081506,PHM2010,c4,315,0.0150087833008585,0.0151961149394473,0.0150591275367102,0.0150591275367102,0.0285714285714286,1.05328050407169,1.22800611681011,1.03581154189967,1.07866166544642,1.08627253308084,-2.40972478619111,1.6585289582873
6,2026081506,PHM2010,c6,315,0.0145958561471217,0.0146218544703782,0.0145758642916344,0.0145758642916344,0.00634920634920635,1.77271065179319,1.13654104907843,1.15586984875354,1.04313977141527,0.747324708690607,41.1556663034613,34.7964741124383
7,2026081507,NUAA,W1,29,0.0189662457220917,0.0188031553844995,0.01855793107983,0.01855793107983,0.0689655172413793,3.42102291812427,1.11061148441346,2.24231917007241,1.06288713355776,0.897245235256814,68.9307216292916,34.4547165062004
7,2026081507,NUAA,W2,17,0.0148476120149696,0.0144463930649372,0.0139356538370896,0.0139356538370896,0.117647058823529,3.32900520373396,1.27612200705831,2.22070332968972,1.33212281582908,1.30145579841828,59.9843576593117,33.2922842175529
7,2026081507,NUAA,W3,11,0.0295033416448534,0.0295033416448534,0.0295033416448534,0.0295033416448534,0,1.41123925077735,0.973906455729219,1.2371999250649,0.928689424820372,0.884640170041743,34.1933393427922,12.332375649032
7,2026081507,NUAA,W4,28,0.0499947737234601,0.0498829239877363,0.0498742564749862,0.0498742564749862,0.0357142857142857,1.53147458883238,0.969612603078882,1.14931793388914,0.991856616330833,0.940176092670744,35.2351894335355,24.9535093647621
7,2026081507,NUAA,W5,7,0.0243134056071281,0.0289433481729886,0.0308928557556908,0.0308928557556908,0.142857142857143,2.67122573926941,1.406036288683,2.51310879959664,1.68897630089782,1.61660246794397,36.7714874835042,5.91926535254243
7,2026081507,NUAA,W6,14,0.0360025923619169,0.0360025923619169,0.0360025923619169,0.0360025923619169,0,1.45730776776347,1.04929904212362,1.26540211757099,1.01693009119804,0.984256071863097,30.2185774554181,13.1685052696175
7,2026081507,NUAA,W7,8,0.0769839701819179,0.0769839701819179,0.0769839701819179,0.0769839701819179,0,1.07069921815054,0.997615231990311,1.05695389774623,0.988244844318327,0.987694639914898,7.7009838462979,1.28377047179014
7,2026081507,NUAA,W8,31,0.0589604040915583,0.0589604040915583,0.0589604040915583,0.0589604040915583,0,1.4742902857686,1.05874936276539,1.20972631192562,1.27657302872114,1.48740138951196,13.4110126720656,17.9451751393084
7,2026081507,NUAA,W9,7,0.052176046086479,0.052176046086479,0.052176046086479,0.052176046086479,0,0.934217322007214,1.13058569544586,0.996565887228745,1.16026626306518,1.20304456592544,-24.1966120444315,-6.67388237755779
7,2026081507,PHM2010,c1,315,0.00801215564201792,0.00798163864359124,0.00819049407155347,0.00816423872305722,0.053968253968254,1.32036508856869,1.03134559227041,1.16854370426194,1.23311944422296,1.26832012139733,6.60769094101882,11.4984397589098
7,2026081507,PHM2010,c4,315,0.0150087833008585,0.0151961149394473,0.0150591275367102,0.0150591275367102,0.0285714285714286,1.05901610771221,1.23304802666445,1.04032459023303,1.08322323358173,1.08627253308084,-2.28581281183926,1.76498896882255
7,2026081507,PHM2010,c6,315,0.0145958561471217,0.0146218544703782,0.0145758642916344,0.0145758642916344,0.00634920634920635,1.76944695275633,1.15328848846237,1.16408254734045,1.04952822243236,0.747324708690607,40.6860872094824,34.212068605554
8,2026081508,NUAA,W1,29,0.0189662457220917,0.0188031553844995,0.01855793107983,0.01855793107983,0.0689655172413793,3.23218611472241,1.1579830440191,2.15765030758265,1.0982052796628,0.897245235256814,66.0228328232541,33.2448618056157
8,2026081508,NUAA,W2,17,0.0148476120149696,0.0144463930649372,0.0139356538370896,0.0139356538370896,0.117647058823529,3.56412404565952,1.23311767485182,2.18147402994197,1.2692256301706,1.30145579841828,64.3888480336061,38.7935436029892
8,2026081508,NUAA,W3,11,0.0295033416448534,0.0295033416448534,0.0295033416448534,0.0295033416448534,0,1.45540324118472,0.995803307571685,1.27777936131466,0.94932486833318,0.884640170041743,34.7723818753892,12.2044444346212
8,2026081508,NUAA,W4,28,0.0499947737234601,0.0498829239877363,0.0498742564749862,0.0498742564749862,0.0357142857142857,1.59703417579545,0.926151603832075,1.10427713834953,0.938386703871329,0.940176092670744,41.2419146632264,30.8545079945133
8,2026081508,NUAA,W5,7,0.0243134056071281,0.0289433481729886,0.0308928557556908,0.0308928557556908,0.142857142857143,2.35991134262958,1.31344599278722,2.2909855258004,1.5953463685222,1.61660246794397,32.3980380235577,2.92069517969191
8,2026081508,NUAA,W6,14,0.0360025923619169,0.0360025923619169,0.0360025923619169,0.0360025923619169,0,1.35753087275706,1.05376756947638,1.26206279588417,1.0143718020853,0.984256071863097,25.27817801851,7.03247924513141
8,2026081508,NUAA,W7,8,0.0769839701819179,0.0769839701819179,0.0769839701819179,0.0769839701819179,0,1.09892842956222,1.01836231187262,1.10920300936825,1.00336536902129,0.987694639914898,8.69602223131067,-0.934963508963685
8,2026081508,NUAA,W8,31,0.0589604040915583,0.0589604040915583,0.0589604040915583,0.0589604040915583,0,1.51586421249831,1.08308128322287,1.23783104326731,1.2987382549366,1.48740138951196,14.3235756719838,18.3415616609076
8,2026081508,NUAA,W9,7,0.052176046086479,0.052176046086479,0.052176046086479,0.052176046086479,0,0.935718744375416,1.11622024461719,1.04069775849383,1.15518038125573,1.20304456592544,-23.4538036348521,-11.2190778211339
8,2026081508,PHM2010,c1,315,0.00801215564201792,0.00798163864359124,0.00819049407155347,0.00816423872305722,0.053968253968254,1.34446094606179,1.03350077606382,1.17224193511502,1.23862007094401,1.26832012139733,7.87236516075905,12.8095212770021
8,2026081508,PHM2010,c4,315,0.0150087833008585,0.0151961149394473,0.0150591275367102,0.0150591275367102,0.0285714285714286,1.05416501525948,1.23158353295361,1.04073239127742,1.08274180504824,1.08627253308084,-2.71084596577429,1.27424300632372
8,2026081508,PHM2010,c6,315,0.0145958561471217,0.0146218544703782,0.0145758642916344,0.0145758642916344,0.00634920634920635,1.78079364064384,1.15006606222941,1.1698394123574,1.05222448820356,0.747324708690607,40.9126097382553,34.3079745088011
9,2026081509,NUAA,W1,29,0.0189662457220917,0.0188031553844995,0.01855793107983,0.01855793107983,0.0689655172413793,3.45261988658543,1.14280500316782,2.24221435938692,1.08530402036119,0.897245235256814,68.5657832019692,35.0575958825162
9,2026081509,NUAA,W2,17,0.0148476120149696,0.0144463930649372,0.0139356538370896,0.0139356538370896,0.117647058823529,3.37313019217211,1.26643609979891,2.35488678834296,1.3172141761694,1.30145579841828,60.9497973358336,30.1868989875383
9,2026081509,NUAA,W3,11,0.0295033416448534,0.0295033416448534,0.0295033416448534,0.0295033416448534,0,1.47985752212326,0.971334942668891,1.25488823373033,0.927259479801923,0.884640170041743,37.3413003657599,15.2020910817247
9,2026081509,NUAA,W4,28,0.0499947737234601,0.0498829239877363,0.0498742564749862,0.0498742564749862,0.0357142857142857,1.5518139137349,0.991215516338017,1.16184374450505,0.995041367043023,0.940176092670744,35.878821665662,25.1299569992431
9,2026081509,NUAA,W5,7,0.0243134056071281,0.0289433481729886,0.0308928557556908,0.0308928557556908,0.142857142857143,2.57374606081975,1.35344564807386,2.17223333687708,1.65994826659516,1.61660246794397,35.5045825279883,15.600323981255
9,2026081509,NUAA,W6,14,0.0360025923619169,0.0360025923619169,0.0360025923619169,0.0360025923619169,0,1.44240934308853,1.05009725951381,1.26382687905833,1.00945667507273,0.984256071863097,30.0159361897049,12.3808449304562
9,2026081509,NUAA,W7,8,0.0769839701819179,0.0769839701819179,0.0769839701819179,0.0769839701819179,0,1.06611307179377,0.993407485019472,1.06074771118724,0.988943665796957,0.987694639914898,7.23838850104079,0.503263748328556
9,2026081509,NUAA,W8,31,0.0589604040915583,0.0589604040915583,0.0589604040915583,0.0589604040915583,0,1.52217451468813,1.08384761834946,1.2383203723497,1.3041127047504,1.48740138951196,14.3256773670531,18.6479368560833
9,2026081509,NUAA,W9,7,0.052176046086479,0.052176046086479,0.052176046086479,0.052176046086479,0,0.864452985566488,1.14085795469884,1.0301616138326,1.1720561636222,1.20304456592544,-35.5835636167233,-19.1691891904942
9,2026081509,PHM2010,c1,315,0.00801215564201792,0.00798163864359124,0.00819049407155347,0.00816423872305722,0.053968253968254,1.33726593231386,1.02488486901352,1.16729251471273,1.2347937078175,1.26832012139733,7.66281575116852,12.7105172945692
9,2026081509,PHM2010,c4,315,0.0150087833008585,0.0151961149394473,0.0150591275367102,0.0150591275367102,0.0285714285714286,1.06067912667733,1.23027625782712,1.03848917958883,1.08072451845096,1.08627253308084,-1.88986388715166,2.09205088800139
9,2026081509,PHM2010,c6,315,0.0145958561471217,0.0146218544703782,0.0145758642916344,0.0145758642916344,0.00634920634920635,1.75977446353561,1.15827056507645,1.1659656221325,1.05575073568017,0.747324708690607,40.0064748320629,33.7434627963672
10,2026081510,NUAA,W1,29,0.0189662457220917,0.0188031553844995,0.01855793107983,0.01855793107983,0.0689655172413793,3.38287572236972,1.0485157887309,2.1638174800711,1.0028775992605,0.897245235256814,70.3542878436581,36.0361521482281
10,2026081510,NUAA,W2,17,0.0148476120149696,0.0144463930649372,0.0139356538370896,0.0139356538370896,0.117647058823529,3.43642493615306,1.26959901899241,2.2992341670151,1.30405349099219,1.30145579841828,62.0520303739844,33.0922627517364
10,2026081510,NUAA,W3,11,0.0295033416448534,0.0295033416448534,0.0295033416448534,0.0295033416448534,0,1.4615034262134,0.975594037835474,1.24881176785897,0.928578685145789,0.884640170041743,36.464145858923,14.5529360068275
10,2026081510,NUAA,W4,28,0.0499947737234601,0.0498829239877363,0.0498742564749862,0.0498742564749862,0.0357142857142857,1.57777574730703,0.972667341545819,1.14418293094349,0.983569438402695,0.940176092670744,37.6610117070524,27.4812702060863
10,2026081510,NUAA,W5,7,0.0243134056071281,0.0289433481729886,0.0308928557556908,0.0308928557556908,0.142857142857143,2.22604766938078,1.39739539978706,2.27467487545279,1.684934826935,1.61660246794397,24.3082324735796,-2.18446382532005
10,2026081510,NUAA,W6,14,0.0360025923619169,0.0360025923619169,0.0360025923619169,0.0360025923619169,0,1.48861360793157,1.07179652362924,1.31210809189246,1.04107706271384,0.984256071863097,30.0639832145285,11.8570403426825
10,2026081510,NUAA,W7,8,0.0769839701819179,0.0769839701819179,0.0769839701819179,0.0769839701819179,0,1.03448149313632,1.02278131241669,1.06904457862942,1.01069856883493,0.987694639914898,2.29901882819413,-3.34110235150877
10,2026081510,NUAA,W8,31,0.0589604040915583,0.0589604040915583,0.0589604040915583,0.0589604040915583,0,1.54666468016969,1.11346671771305,1.28687894324209,1.3331305739124,1.48740138951196,13.8061021884755,16.7965131846868
10,2026081510,NUAA,W9,7,0.052176046086479,0.052176046086479,0.052176046086479,0.052176046086479,0,0.904793752073682,1.12015175793415,1.02629355495792,1.1567130180159,1.20304456592544,-27.842728286402,-13.4284529049605
10,2026081510,PHM2010,c1,315,0.00801215564201792,0.00798163864359124,0.00819049407155347,0.00816423872305722,0.053968253968254,1.34224659285666,1.02725327961161,1.17748175054113,1.23873498610672,1.26832012139733,7.71181743360888,12.2753034496343
10,2026081510,PHM2010,c4,315,0.0150087833008585,0.0151961149394473,0.0150591275367102,0.0150591275367102,0.0285714285714286,1.05897682678637,1.2308896847035,1.03723659040152,1.08298010148288,1.08627253308084,-2.26664777635886,2.05294731999216
10,2026081510,PHM2010,c6,315,0.0145958561471217,0.0146218544703782,0.0145758642916344,0.0145758642916344,0.00634920634920635,1.78975262653249,1.15994633803094,1.17814901885902,1.05885103894763,0.747324708690607,40.8381346533306,34.17252186736
11,2026081511,NUAA,W1,29,0.0189662457220917,0.0188031553844995,0.01855793107983,0.01855793107983,0.0689655172413793,3.18536303460644,1.11251984030251,2.19387757266115,1.06265575682249,0.897245235256814,66.6394145572237,31.1262939631554
11,2026081511,NUAA,W2,17,0.0148476120149696,0.0144463930649372,0.0139356538370896,0.0139356538370896,0.117647058823529,3.40223149510332,1.26238121124058,2.20959663614758,1.30048449104926,1.30145579841828,61.7755437006274,35.0544888163034
11,2026081511,NUAA,W3,11,0.0295033416448534,0.0295033416448534,0.0295033416448534,0.0295033416448534,0,1.48511287302617,0.980260783799912,1.30193487107612,0.937171115489322,0.884640170041743,36.8956304594092,12.3342814729495
11,2026081511,NUAA,W4,28,0.0499947737234601,0.0498829239877363,0.0498742564749862,0.0498742564749862,0.0357142857142857,1.67227323542309,0.979200022536002,1.14200898986933,0.987785212990902,0.940176092670744,40.9315898821409,31.709186891316
11,2026081511,NUAA,W5,7,0.0243134056071281,0.0289433481729886,0.0308928557556908,0.0308928557556908,0.142857142857143,2.30917541217412,1.31497281659073,2.29042392352994,1.62422791176527,1.61660246794397,29.6619952212279,0.812042625489976
11,2026081511,NUAA,W6,14,0.0360025923619169,0.0360025923619169,0.0360025923619169,0.0360025923619169,0,1.45439717112828,1.05540069851704,1.27387233203941,1.0284194442624,0.984256071863097,29.2889545800904,12.4123480623128
11,2026081511,NUAA,W7,8,0.0769839701819179,0.0769839701819179,0.0769839701819179,0.0769839701819179,0,1.08594716095578,0.99708619911806,1.08869800568556,0.987471634029714,0.987694639914898,9.06816928729726,-0.253312944559571
11,2026081511,NUAA,W8,31,0.0589604040915583,0.0589604040915583,0.0589604040915583,0.0589604040915583,0,1.50644568601016,1.0750642685789,1.22349511068021,1.31034378916585,1.48740138951196,13.0175218838253,18.7826602683137
11,2026081511,NUAA,W9,7,0.052176046086479,0.052176046086479,0.052176046086479,0.052176046086479,0,0.872990515540496,1.12007841239555,1.0823321701983,1.14985720251441,1.20304456592544,-31.7147416890895,-23.9798315023149
11,2026081511,PHM2010,c1,315,0.00801215564201792,0.00798163864359124,0.00819049407155347,0.00816423872305722,0.053968253968254,1.34867414118949,1.03102634635183,1.17130985499828,1.2344169698658,1.26832012139733,8.47181449055674,13.1510111133869
11,2026081511,PHM2010,c4,315,0.0150087833008585,0.0151961149394473,0.0150591275367102,0.0150591275367102,0.0285714285714286,1.05770428902587,1.23057817976925,1.04031490781449,1.0826320057974,1.08627253308084,-2.35677561584757,1.64406832720629
11,2026081511,PHM2010,c6,315,0.0145958561471217,0.0146218544703782,0.0145758642916344,0.0145758642916344,0.00634920634920635,1.76820619650058,1.15155930745025,1.16803080627327,1.05187861151596,0.747324708690607,40.5115413803146,33.942613220964
12,2026081512,NUAA,W1,29,0.0189662457220917,0.0188031553844995,0.01855793107983,0.01855793107983,0.0689655172413793,3.29015527175529,1.12154997669288,2.21326647336674,1.05727772906152,0.897245235256814,67.8654154064448,32.7306375973568
12,2026081512,NUAA,W2,17,0.0148476120149696,0.0144463930649372,0.0139356538370896,0.0139356538370896,0.117647058823529,3.57226170129012,1.25620866861337,2.3420462897471,1.30936937843054,1.30145579841828,63.3462078671989,34.437997952354
12,2026081512,NUAA,W3,11,0.0295033416448534,0.0295033416448534,0.0295033416448534,0.0295033416448534,0,1.49810131080181,0.997383030562264,1.29206118748157,0.956460572006725,0.884640170041743,36.1551475116986,13.7534171977973
12,2026081512,NUAA,W4,28,0.0499947737234601,0.0498829239877363,0.0498742564749862,0.0498742564749862,0.0357142857142857,1.54375399647337,0.941376081467835,1.11304505785605,0.95746632754109,0.940176092670744,37.9780502768982,27.9001019334204
12,2026081512,NUAA,W5,7,0.0243134056071281,0.0289433481729886,0.0308928557556908,0.0308928557556908,0.142857142857143,2.67261117911276,1.28696499614466,2.42640926238033,1.58593650487457,1.61660246794397,40.6596620836908,9.21203647790487
12,2026081512,NUAA,W6,14,0.0360025923619169,0.0360025923619169,0.0360025923619169,0.0360025923619169,0,1.49640190060859,1.00562305298133,1.26095829022975,0.970579363562003,0.984256071863097,35.1391251797216,15.7339823133803
12,2026081512,NUAA,W7,8,0.0769839701819179,0.0769839701819179,0.0769839701819179,0.0769839701819179,0,1.07102590785188,1.00958429669305,1.05630599134114,0.994539139996584,0.987694639914898,7.1414488944253,1.37437539118559
12,2026081512,NUAA,W8,31,0.0589604040915583,0.0589604040915583,0.0589604040915583,0.0589604040915583,0,1.50084610547679,1.06821846878772,1.2057920472719,1.29836004408232,1.48740138951196,13.4914606271469,19.659181386299
12,2026081512,NUAA,W9,7,0.052176046086479,0.052176046086479,0.052176046086479,0.052176046086479,0,0.932064011672453,1.11538775910105,1.03354413060731,1.15202814198452,1.20304456592544,-23.5996806611352,-10.8876769904206
12,2026081512,PHM2010,c1,315,0.00801215564201792,0.00798163864359124,0.00819049407155347,0.00816423872305722,0.053968253968254,1.34631169978523,1.02621456716658,1.16728253808772,1.23144636931543,1.26832012139733,8.53185265255664,13.2977498246558
12,2026081512,PHM2010,c4,315,0.0150087833008585,0.0151961149394473,0.0150591275367102,0.0150591275367102,0.0285714285714286,1.06561327064411,1.23360116052782,1.04386945414834,1.08375981054982,1.08627253308084,-1.70291984959414,2.04049790808461
12,2026081512,PHM2010,c6,315,0.0145958561471217,0.0146218544703782,0.0145758642916344,0.0145758642916344,0.00634920634920635,1.80924519357238,1.16327886589497,1.18804915163217,1.07006808681757,0.747324708690607,40.8555517726867,34.3345415064306
13,2026081513,NUAA,W1,29,0.0189662457220917,0.0188031553844995,0.01855793107983,0.01855793107983,0.0689655172413793,3.24191173450113,1.05621538023136,2.1615171792321,1.01314636157864,0.897245235256814,68.7484902566434,33.3258473317221
13,2026081513,NUAA,W2,17,0.0148476120149696,0.0144463930649372,0.0139356538370896,0.0139356538370896,0.117647058823529,3.40529470045169,1.30441568886698,2.32905144257723,1.35614778399245,1.30145579841828,60.1753180477283,31.6049961177136
13,2026081513,NUAA,W3,11,0.0295033416448534,0.0295033416448534,0.0295033416448534,0.0295033416448534,0,1.31461981486878,0.964528048310785,1.22729976678996,0.913646427692608,0.884640170041743,30.5010910866422,6.64222820097522
13,2026081513,NUAA,W4,28,0.0499947737234601,0.0498829239877363,0.0498742564749862,0.0498742564749862,0.0357142857142857,1.56025931139354,0.935007112991934,1.12020492835673,0.952358682138553,0.940176092670744,38.9615126675349,28.2039260925019
13,2026081513,NUAA,W5,7,0.0243134056071281,0.0289433481729886,0.0308928557556908,0.0308928557556908,0.142857142857143,2.4555773281493,1.39878912184916,2.39393113088086,1.69335606674871,1.61660246794397,31.0404096284376,2.51045636241042
13,2026081513,NUAA,W6,14,0.0360025923619169,0.0360025923619169,0.0360025923619169,0.0360025923619169,0,1.46342890113479,1.03841835836826,1.2812736462023,1.00812881326214,0.984256071863097,31.1118693582992,12.4471544050581
13,2026081513,NUAA,W7,8,0.0769839701819179,0.0769839701819179,0.0769839701819179,0.0769839701819179,0,1.10034785959013,1.01960901892666,1.08920822825825,0.999201109407668,0.987694639914898,9.19225218651698,1.0123736084728
13,2026081513,NUAA,W8,31,0.0589604040915583,0.0589604040915583,0.0589604040915583,0.0589604040915583,0,1.48020659809546,1.10721982147519,1.26490491644613,1.33055934915766,1.48740138951196,10.109889331013,14.5453804844778
13,2026081513,NUAA,W9,7,0.052176046086479,0.052176046086479,0.052176046086479,0.052176046086479,0,0.900291889371958,1.0929980237979,1.03704066974594,1.1276414047116,1.20304456592544,-25.2528672115706,-15.189382686695
13,2026081513,PHM2010,c1,315,0.00801215564201792,0.00798163864359124,0.00819049407155347,0.00816423872305722,0.053968253968254,1.34511834100238,1.02943508238132,1.16648342088959,1.2283305445839,1.26832012139733,8.68234361680426,13.2802382264504
13,2026081513,PHM2010,c4,315,0.0150087833008585,0.0151961149394473,0.0150591275367102,0.0150591275367102,0.0285714285714286,1.06674594490226,1.23088791635978,1.04184455146324,1.08274863916249,1.08627253308084,-1.50014109139069,2.33433213953363
13,2026081513,PHM2010,c6,315,0.0145958561471217,0.0146218544703782,0.0145758642916344,0.0145758642916344,0.00634920634920635,1.76528331788431,1.14306938392778,1.17721408647418,1.04768369417851,0.747324708690607,40.6506772275986,33.3130226435791
14,2026081514,NUAA,W1,29,0.0189662457220917,0.0188031553844995,0.01855793107983,0.01855793107983,0.0689655172413793,3.25946547473005,1.09321900680949,2.23485389270628,1.03209368850033,0.897245235256814,68.3354925369838,31.4349573562711
14,2026081514,NUAA,W2,17,0.0148476120149696,0.0144463930649372,0.0139356538370896,0.0139356538370896,0.117647058823529,3.29364922557568,1.35876993002198,2.33363426449279,1.40686316947882,1.30145579841828,57.2855798196628,29.1474560687348
14,2026081514,NUAA,W3,11,0.0295033416448534,0.0295033416448534,0.0295033416448534,0.0295033416448534,0,1.50623689046919,0.958099400312685,1.20842655718357,0.91165605364963,0.884640170041743,39.4745899919067,19.7718124665536
14,2026081514,NUAA,W4,28,0.0499947737234601,0.0498829239877363,0.0498742564749862,0.0498742564749862,0.0357142857142857,1.67233294389083,0.982313694775287,1.14698857068231,1.00293488862562,0.940176092670744,40.0277981553001,31.4138626000072
14,2026081514,NUAA,W5,7,0.0243134056071281,0.0289433481729886,0.0308928557556908,0.0308928557556908,0.142857142857143,2.59184810989157,1.31239342275472,2.30431772778853,1.63687216045826,1.61660246794397,36.8453670486602,11.0936432195124
14,2026081514,NUAA,W6,14,0.0360025923619169,0.0360025923619169,0.0360025923619169,0.0360025923619169,0,1.35979083887782,1.04664784477442,1.28480884857578,1.01194332564629,0.984256071863097,25.5809572535876,5.51422970049732
14,2026081514,NUAA,W7,8,0.0769839701819179,0.0769839701819179,0.0769839701819179,0.0769839701819179,0,1.02678824387722,1.00424969208525,1.03170814656975,0.981627589998208,0.987694639914898,4.39824415095416,-0.479154560043814
14,2026081514,NUAA,W8,31,0.0589604040915583,0.0589604040915583,0.0589604040915583,0.0589604040915583,0,1.55763377848721,1.08591433832984,1.26114254183411,1.32080372168847,1.48740138951196,15.2044761785247,19.0347205323869
14,2026081514,NUAA,W9,7,0.052176046086479,0.052176046086479,0.052176046086479,0.052176046086479,0,0.825768762079267,1.07479566513833,0.967154281791966,1.10457629727089,1.20304456592544,-33.7633909146173,-17.1216842057205
14,2026081514,PHM2010,c1,315,0.00801215564201792,0.00798163864359124,0.00819049407155347,0.00816423872305722,0.053968253968254,1.32839069064681,1.0265479302134,1.16323737177032,1.22757642486903,1.26832012139733,7.58920297225888,12.4325862895111
14,2026081514,PHM2010,c4,315,0.0150087833008585,0.0151961149394473,0.0150591275367102,0.0150591275367102,0.0285714285714286,1.05462069626422,1.23314149590043,1.04233529686167,1.08433538583048,1.08627253308084,-2.81757125301267,1.16491165459486
14,2026081514,PHM2010,c6,315,0.0145958561471217,0.0146218544703782,0.0145758642916344,0.0145758642916344,0.00634920634920635,1.76764336928675,1.15938711797968,1.18301801831988,1.06692489748201,0.747324708690607,39.6413939587532,33.0737161762879
15,2026081515,NUAA,W1,29,0.0189662457220917,0.0188031553844995,0.01855793107983,0.01855793107983,0.0689655172413793,3.35739608584554,1.12773694496815,2.29849167246798,1.08514273239186,0.897245235256814,67.6790374252618,31.5394545743887
15,2026081515,NUAA,W2,17,0.0148476120149696,0.0144463930649372,0.0139356538370896,0.0139356538370896,0.117647058823529,3.3886401229631,1.32184361564627,2.36361385453408,1.37116904500879,1.30145579841828,59.5363037899165,30.2488972341128
15,2026081515,NUAA,W3,11,0.0295033416448534,0.0295033416448534,0.0295033416448534,0.0295033416448534,0,1.48986339584384,0.996027169708455,1.26426717287901,0.955448482546275,0.884640170041743,35.8700612947725,15.1420743401148
15,2026081515,NUAA,W4,28,0.0499947737234601,0.0498829239877363,0.0498742564749862,0.0498742564749862,0.0357142857142857,1.5651749229727,0.980653482581154,1.18999890729524,1.00313608459281,0.940176092670744,35.9090111993629,23.9702291527196
15,2026081515,NUAA,W5,7,0.0243134056071281,0.0289433481729886,0.0308928557556908,0.0308928557556908,0.142857142857143,2.24768333874692,1.35182781928408,2.30112032711673,1.63298410289872,1.61660246794397,27.3481244111056,-2.37742512250899
15,2026081515,NUAA,W6,14,0.0360025923619169,0.0360025923619169,0.0360025923619169,0.0360025923619169,0,1.45974761143194,1.04269885094464,1.2274722121925,0.997262259497782,0.984256071863097,31.6825558276123,15.9120246144192
15,2026081515,NUAA,W7,8,0.0769839701819179,0.0769839701819179,0.0769839701819179,0.0769839701819179,0,1.07633634390536,1.00742747807524,1.06614785892102,1.00163529405857,0.987694639914898,6.94030729983089,0.946589329815965
15,2026081515,NUAA,W8,31,0.0589604040915583,0.0589604040915583,0.0589604040915583,0.0589604040915583,0,1.52057137419246,1.06086707345836,1.23086788017482,1.28242369640196,1.48740138951196,15.6617230754442,19.0522785667653
15,2026081515,NUAA,W9,7,0.052176046086479,0.052176046086479,0.052176046086479,0.052176046086479,0,0.982898356632178,1.1451628004454,1.01537191993383,1.17980459616423,1.20304456592544,-20.0332250230572,-3.30385772674649
15,2026081515,PHM2010,c1,315,0.00801215564201792,0.00798163864359124,0.00819049407155347,0.00816423872305722,0.053968253968254,1.33191859589595,1.02991330509494,1.1677681844103,1.2323066657803,1.26832012139733,7.47883019447206,12.3243576590533
15,2026081515,PHM2010,c4,315,0.0150087833008585,0.0151961149394473,0.0150591275367102,0.0150591275367102,0.0285714285714286,1.06314569688629,1.23615529159514,1.04196514594122,1.08408847172833,1.08627253308084,-1.96988756135442,1.99225289695551
15,2026081515,PHM2010,c6,315,0.0145958561471217,0.0146218544703782,0.0145758642916344,0.0145758642916344,0.00634920634920635,1.79003681590508,1.16919594461697,1.19635277927526,1.07260259029656,0.747324708690607,40.0793000028755,33.1660238132944
16,2026081516,NUAA,W1,29,0.0189662457220917,0.0188031553844995,0.01855793107983,0.01855793107983,0.0689655172413793,3.33105492055707,1.0974167871481,2.13100462460653,1.03422417117851,0.897245235256814,68.9520528528077,36.0261335994379
16,2026081516,NUAA,W2,17,0.0148476120149696,0.0144463930649372,0.0139356538370896,0.0139356538370896,0.117647058823529,3.55718004917908,1.29125680802278,2.26694471796917,1.31021459575957,1.30145579841828,63.167043060923,36.2712967398899
16,2026081516,NUAA,W3,11,0.0295033416448534,0.0295033416448534,0.0295033416448534,0.0295033416448534,0,1.5476490540059,0.9911799261743,1.25540425966325,0.949344375172174,0.884640170041743,38.6589373918516,18.8831436678885
16,2026081516,NUAA,W4,28,0.0499947737234601,0.0498829239877363,0.0498742564749862,0.0498742564749862,0.0357142857142857,1.49181753188344,0.983998871789003,1.15831940180646,0.989085560991558,0.940176092670744,33.6992936567235,22.355155570262
16,2026081516,NUAA,W5,7,0.0243134056071281,0.0289433481729886,0.0308928557556908,0.0308928557556908,0.142857142857143,2.80673489863439,1.30006722643359,2.39352438998088,1.63022435571852,1.61660246794397,41.9174088542632,14.7221067744787
16,2026081516,NUAA,W6,14,0.0360025923619169,0.0360025923619169,0.0360025923619169,0.0360025923619169,0,1.32937376356159,0.998029484521546,1.20381540462117,0.972251144355717,0.984256071863097,26.8639737743195,9.44492530106968
16,2026081516,NUAA,W7,8,0.0769839701819179,0.0769839701819179,0.0769839701819179,0.0769839701819179,0,1.11930899339324,1.01920671271717,1.08941309984748,1.00394068537338,0.987694639914898,10.30710096147,2.67092408997141
16,2026081516,NUAA,W8,31,0.0589604040915583,0.0589604040915583,0.0589604040915583,0.0589604040915583,0,1.54526004266325,1.09643839444536,1.28502197277861,1.32291870440758,1.48740138951196,14.3886033494058,16.8410534602397
16,2026081516,NUAA,W9,7,0.052176046086479,0.052176046086479,0.052176046086479,0.052176046086479,0,0.937197929256085,1.10842720044032,0.990642248596911,1.13953700841551,1.20304456592544,-21.5897915310202,-5.70256481288303
16,2026081516,PHM2010,c1,315,0.00801215564201792,0.00798163864359124,0.00819049407155347,0.00816423872305722,0.053968253968254,1.33892780253425,1.02912444784966,1.17062521273402,1.23702102777869,1.26832012139733,7.61107317083725,12.5699525756111
16,2026081516,PHM2010,c4,315,0.0150087833008585,0.0151961149394473,0.0150591275367102,0.0150591275367102,0.0285714285714286,1.05257012372051,1.22734457782849,1.03276708043642,1.07739294621232,1.08627253308084,-2.3583058204301,1.88139895269825
16,2026081516,PHM2010,c6,315,0.0145958561471217,0.0146218544703782,0.0145758642916344,0.0145758642916344,0.00634920634920635,1.78813917659672,1.15444678635531,1.16758987946151,1.04926383856111,0.747324708690607,41.3209076623374,34.7036352235329
17,2026081517,NUAA,W1,29,0.0189662457220917,0.0188031553844995,0.01855793107983,0.01855793107983,0.0689655172413793,3.30292971607883,1.12671212241488,2.25887526576363,1.07820062116123,0.897245235256814,67.3562348023182,31.6099505609428
17,2026081517,NUAA,W2,17,0.0148476120149696,0.0144463930649372,0.0139356538370896,0.0139356538370896,0.117647058823529,3.4025371335669,1.30069566448162,2.22476342208889,1.35360993731861,1.30145579841828,60.2176292518633,34.6145733387881
17,2026081517,NUAA,W3,11,0.0295033416448534,0.0295033416448534,0.0295033416448534,0.0295033416448534,0,1.4329507202437,0.982297915726639,1.21951287310382,0.932108873279391,0.884640170041743,34.9517844465112,14.8949886499644
17,2026081517,NUAA,W4,28,0.0499947737234601,0.0498829239877363,0.0498742564749862,0.0498742564749862,0.0357142857142857,1.64802046168801,0.944031198946813,1.14137801497859,0.96007182387372,0.940176092670744,41.743937882279,30.7424852110444
17,2026081517,NUAA,W5,7,0.0243134056071281,0.0289433481729886,0.0308928557556908,0.0308928557556908,0.142857142857143,2.59700953777027,1.34902696097537,2.33253838821503,1.67849059631825,1.61660246794397,35.3683314632966,10.183680333431
17,2026081517,NUAA,W6,14,0.0360025923619169,0.0360025923619169,0.0360025923619169,0.0360025923619169,0,1.38029954423586,1.05027248122869,1.2490980198039,1.01127958473746,0.984256071863097,26.7347736974505,9.50529361397364
17,2026081517,NUAA,W7,8,0.0769839701819179,0.0769839701819179,0.0769839701819179,0.0769839701819179,0,1.04918561667653,0.996991334617171,1.05690562987584,0.986245613942796,0.987694639914898,5.99893877053933,-0.735810048918898
17,2026081517,NUAA,W8,31,0.0589604040915583,0.0589604040915583,0.0589604040915583,0.0589604040915583,0,1.5195398695448,1.09532452477106,1.23936054813053,1.31150776098047,1.48740138951196,13.6904672745871,18.438431727244
17,2026081517,NUAA,W9,7,0.052176046086479,0.052176046086479,0.052176046086479,0.052176046086479,0,0.928580496366085,1.13787153210471,1.07457634869043,1.17718267488018,1.20304456592544,-26.7722808617001,-15.7224767153399
17,2026081517,PHM2010,c1,315,0.00801215564201792,0.00798163864359124,0.00819049407155347,0.00816423872305722,0.053968253968254,1.33619619877243,1.02452415665113,1.16329765391811,1.22907821329771,1.26832012139733,8.01663599800162,12.9396075975338
17,2026081517,PHM2010,c4,315,0.0150087833008585,0.0151961149394473,0.0150591275367102,0.0150591275367102,0.0285714285714286,1.06135054354896,1.23107498312776,1.03728235013302,1.0808289758621,1.08627253308084,-1.83524966671279,2.26769501954222
17,2026081517,PHM2010,c6,315,0.0145958561471217,0.0146218544703782,0.0145758642916344,0.0145758642916344,0.00634920634920635,1.7426360408513,1.15095554325214,1.16067872282278,1.0522728562879,0.747324708690607,39.6160281538852,33.395230236615
18,2026081518,NUAA,W1,29,0.0189662457220917,0.0188031553844995,0.01855793107983,0.01855793107983,0.0689655172413793,3.18648594627986,1.20162245690443,2.28384135009231,1.16014614714204,0.897245235256814,63.5916753847141,28.3272737242531
18,2026081518,NUAA,W2,17,0.0148476120149696,0.0144463930649372,0.0139356538370896,0.0139356538370896,0.117647058823529,3.6054705693424,1.36648814990172,2.27793323620543,1.40340233741452,1.30145579841828,61.075751128084,36.8200851346597
18,2026081518,NUAA,W3,11,0.0295033416448534,0.0295033416448534,0.0295033416448534,0.0295033416448534,0,1.42216002457822,0.967278478123532,1.25869100171624,0.919993395274809,0.884640170041743,35.3101353311028,11.4944183521444
18,2026081518,NUAA,W4,28,0.0499947737234601,0.0498829239877363,0.0498742564749862,0.0498742564749862,0.0357142857142857,1.58645774644378,0.967173700169577,1.14629839719775,0.984246755939637,0.940176092670744,37.9594724066282,27.7447886798556
18,2026081518,NUAA,W5,7,0.0243134056071281,0.0289433481729886,0.0308928557556908,0.0308928557556908,0.142857142857143,2.42071149369978,1.27955205426415,2.37370731594392,1.58989182799031,1.61660246794397,34.3213004883807,1.9417505092282
18,2026081518,NUAA,W6,14,0.0360025923619169,0.0360025923619169,0.0360025923619169,0.0360025923619169,0,1.39633840021304,1.03180789297059,1.25173097671131,0.989052095395837,0.984256071863097,29.1681661662432,10.3561875459178
18,2026081518,NUAA,W7,8,0.0769839701819179,0.0769839701819179,0.0769839701819179,0.0769839701819179,0,1.11444665815422,1.00950030936275,1.07243408198078,0.990270610674059,0.987694639914898,11.1423948891217,3.76981490016104
18,2026081518,NUAA,W8,31,0.0589604040915583,0.0589604040915583,0.0589604040915583,0.0589604040915583,0,1.49419246433542,1.09668879204268,1.23223440118687,1.31421002822662,1.48740138951196,12.0454653871414,17.5317483792202
18,2026081518,NUAA,W9,7,0.052176046086479,0.052176046086479,0.052176046086479,0.052176046086479,0,0.887517089678889,1.13006928905158,1.00686391796835,1.15871301476725,1.20304456592544,-30.5566989348323,-13.4472710077779
18,2026081518,PHM2010,c1,315,0.00801215564201792,0.00798163864359124,0.00819049407155347,0.00816423872305722,0.053968253968254,1.32307305658735,1.02407129296201,1.16311483360494,1.22914268645716,1.26832012139733,7.09940918700834,12.0899010214148
18,2026081518,PHM2010,c4,315,0.0150087833008585,0.0151961149394473,0.0150591275367102,0.0150591275367102,0.0285714285714286,1.05538954061366,1.22434453421052,1.0367647504561,1.07673438739046,1.08627253308084,-2.02246146616008,1.76473135660738
18,2026081518,PHM2010,c6,315,0.0145958561471217,0.0146218544703782,0.0145758642916344,0.0145758642916344,0.00634920634920635,1.79875758572973,1.16712285295204,1.18913470970349,1.07027627898167,0.747324708690607,40.4991374339376,33.8913303750668
19,2026081519,NUAA,W1,29,0.0189662457220917,0.0188031553844995,0.01855793107983,0.01855793107983,0.0689655172413793,3.24539666676725,1.12699082648602,2.26181889821683,1.0621082781539,0.897245235256814,67.2733909839172,30.3068582839879
19,2026081519,NUAA,W2,17,0.0148476120149696,0.0144463930649372,0.0139356538370896,0.0139356538370896,0.117647058823529,3.70260798588493,1.35092166944779,2.45154022647451,1.39688444753438,1.30145579841828,62.272958604865,33.7888257190536
19,2026081519,NUAA,W3,11,0.0295033416448534,0.0295033416448534,0.0295033416448534,0.0295033416448534,0,1.50818429205456,0.983767299721015,1.23598654494305,0.9363222642089,0.884640170041743,37.9172512841005,18.0480428383654
19,2026081519,NUAA,W4,28,0.0499947737234601,0.0498829239877363,0.0498742564749862,0.0498742564749862,0.0357142857142857,1.61000355783671,1.00088343348408,1.19863439013204,1.01334017999736,0.940176092670744,37.0597552368802,25.550823518515
19,2026081519,NUAA,W5,7,0.0243134056071281,0.0289433481729886,0.0308928557556908,0.0308928557556908,0.142857142857143,2.43138170252947,1.30941244790984,2.40169754549733,1.58565757236926,1.61660246794397,34.7836840789075,1.22087605583532
19,2026081519,NUAA,W6,14,0.0360025923619169,0.0360025923619169,0.0360025923619169,0.0360025923619169,0,1.41665396029506,1.04049615920725,1.28765571005681,1.00808738707757,0.984256071863097,28.8402520776773,9.10584051248391
19,2026081519,NUAA,W7,8,0.0769839701819179,0.0769839701819179,0.0769839701819179,0.0769839701819179,0,1.10451631542114,1.00767537567706,1.08694022876302,0.988906054051324,0.987694639914898,10.4670487665669,1.59129262399571
19,2026081519,NUAA,W8,31,0.0589604040915583,0.0589604040915583,0.0589604040915583,0.0589604040915583,0,1.47969090935286,1.10535669767292,1.22809028391529,1.33140682333902,1.48740138951196,10.0212878971251,17.0035933752953
19,2026081519,NUAA,W9,7,0.052176046086479,0.052176046086479,0.052176046086479,0.052176046086479,0,0.89714517783202,1.08414273038537,1.02385616216782,1.12348294088945,1.20304456592544,-25.2286662905974,-14.1237992987937
19,2026081519,PHM2010,c1,315,0.00801215564201792,0.00798163864359124,0.00819049407155347,0.00816423872305722,0.053968253968254,1.35910675562293,1.03098393257206,1.16977481197452,1.23513589712033,1.26832012139733,9.12149527545981,13.9306160362388
19,2026081519,PHM2010,c4,315,0.0150087833008585,0.0151961149394473,0.0150591275367102,0.0150591275367102,0.0285714285714286,1.06096441114086,1.22951811304094,1.03934429537255,1.08154636893055,1.08627253308084,-1.93992914121937,2.03777954672961
19,2026081519,PHM2010,c6,315,0.0145958561471217,0.0146218544703782,0.0145758642916344,0.0145758642916344,0.00634920634920635,1.7741854371735,1.15691495008797,1.16909637883536,1.05478768860478,0.747324708690607,40.5480584777433,34.1051755729728
20,2026081520,NUAA,W1,29,0.0189662457220917,0.0188031553844995,0.01855793107983,0.01855793107983,0.0689655172413793,3.07812925525948,1.22927257236993,2.31244130533933,1.18216985721759,0.897245235256814,61.5945348884338,24.8751071324196
20,2026081520,NUAA,W2,17,0.0148476120149696,0.0144463930649372,0.0139356538370896,0.0139356538370896,0.117647058823529,3.34496973665922,1.27372529666646,2.29011241802289,1.30701040272607,1.30145579841828,60.926091844662,31.5356311620883
20,2026081520,NUAA,W3,11,0.0295033416448534,0.0295033416448534,0.0295033416448534,0.0295033416448534,0,1.41889118547177,0.974742726737251,1.21591032295357,0.929745682766349,0.884640170041743,34.4737854258209,14.3055975395825
20,2026081520,NUAA,W4,28,0.0499947737234601,0.0498829239877363,0.0498742564749862,0.0498742564749862,0.0357142857142857,1.58812520576928,0.959714620846336,1.12548921289985,0.967103821571256,0.940176092670744,39.1040569057149,29.130952092995
20,2026081520,NUAA,W5,7,0.0243134056071281,0.0289433481729886,0.0308928557556908,0.0308928557556908,0.142857142857143,2.37278596452353,1.28998587416752,2.27276115109003,1.59408120358852,1.61660246794397,32.8181628085183,4.21550088920836
20,2026081520,NUAA,W6,14,0.0360025923619169,0.0360025923619169,0.0360025923619169,0.0360025923619169,0,1.41909982313705,1.06819387188767,1.32746785470923,1.02985733315765,0.984256071863097,27.4288308428469,6.45704882305272
20,2026081520,NUAA,W7,8,0.0769839701819179,0.0769839701819179,0.0769839701819179,0.0769839701819179,0,1.09506009252265,1.01211906831688,1.04036219343276,0.996323629846825,0.987694639914898,9.01653373636978,4.99496780709878
20,2026081520,NUAA,W8,31,0.0589604040915583,0.0589604040915583,0.0589604040915583,0.0589604040915583,0,1.4961474362749,1.06854265795236,1.20218111537744,1.28556808463052,1.48740138951196,14.0747727489133,19.6482187363416
20,2026081520,NUAA,W9,7,0.052176046086479,0.052176046086479,0.052176046086479,0.052176046086479,0,0.798833873643082,1.1289961210882,1.06801924493431,1.16419293795363,1.20304456592544,-45.7365512862305,-33.6972905347156
20,2026081520,PHM2010,c1,315,0.00801215564201792,0.00798163864359124,0.00819049407155347,0.00816423872305722,0.053968253968254,1.35756670155032,1.03462516078201,1.17277954764201,1.23765670206685,1.26832012139733,8.83271513263682,13.611644547357
20,2026081520,PHM2010,c4,315,0.0150087833008585,0.0151961149394473,0.0150591275367102,0.0150591275367102,0.0285714285714286,1.05497531404224,1.23202863273985,1.03850402751327,1.08143450084703,1.08627253308084,-2.50803847754652,1.56129591941366
20,2026081520,PHM2010,c6,315,0.0145958561471217,0.0146218544703782,0.0145758642916344,0.0145758642916344,0.00634920634920635,1.80485851183285,1.15679212956974,1.18225547508672,1.05979301269069,0.747324708690607,41.2811028818841,34.4959470597988
21,2026081521,NUAA,W1,29,0.0189662457220917,0.0188031553844995,0.01855793107983,0.01855793107983,0.0689655172413793,3.38590658636754,1.12916786679064,2.26891516638237,1.07489978398003,0.897245235256814,68.2537082296412,32.9894340405741
21,2026081521,NUAA,W2,17,0.0148476120149696,0.0144463930649372,0.0139356538370896,0.0139356538370896,0.117647058823529,3.55993106812361,1.30468688488089,2.2972855517428,1.35379595796161,1.30145579841828,61.9712873071112,35.4682574527021
21,2026081521,NUAA,W3,11,0.0295033416448534,0.0295033416448534,0.0295033416448534,0.0295033416448534,0,1.38965644851151,0.968569888083916,1.18822554159133,0.923767074976553,0.884640170041743,33.5255072600125,14.4950147308668
21,2026081521,NUAA,W4,28,0.0499947737234601,0.0498829239877363,0.0498742564749862,0.0498742564749862,0.0357142857142857,1.56962471137936,0.954832923535058,1.09713332410164,0.972204770384135,0.940176092670744,38.0613236185754,30.1021883672123
21,2026081521,NUAA,W5,7,0.0243134056071281,0.0289433481729886,0.0308928557556908,0.0308928557556908,0.142857142857143,2.58943444927639,1.32643559545063,2.32448389914312,1.62475425833027,1.61660246794397,37.2544742816603,10.2319852200665
21,2026081521,NUAA,W6,14,0.0360025923619169,0.0360025923619169,0.0360025923619169,0.0360025923619169,0,1.38774638603519,1.03106141463473,1.23388210750725,1.01118767024673,0.984256071863097,27.1345484720945,11.0873485296933
21,2026081521,NUAA,W7,8,0.0769839701819179,0.0769839701819179,0.0769839701819179,0.0769839701819179,0,1.05981485279136,1.00816384912458,1.0647550962965,0.991524033072873,0.987694639914898,6.4436556572706,-0.466142127762313
21,2026081521,NUAA,W8,31,0.0589604040915583,0.0589604040915583,0.0589604040915583,0.0589604040915583,0,1.46195882883601,1.11271184776493,1.2579532431022,1.3265474068751,1.48740138951196,9.26232800062654,13.9542633971596
21,2026081521,NUAA,W9,7,0.052176046086479,0.052176046086479,0.052176046086479,0.052176046086479,0,0.839627344067539,1.12982216806708,1.04905398908601,1.16753978032717,1.20304456592544,-39.0545208629195,-24.9428090328632
21,2026081521,PHM2010,c1,315,0.00801215564201792,0.00798163864359124,0.00819049407155347,0.00816423872305722,0.053968253968254,1.34764294786226,1.03769281481055,1.18228778461097,1.24446884995469,1.26832012139733,7.6558926881359,12.2699535150311
21,2026081521,PHM2010,c4,315,0.0150087833008585,0.0151961149394473,0.0150591275367102,0.0150591275367102,0.0285714285714286,1.06049211273129,1.2288994566534,1.04027201648718,1.08045382395987,1.08627253308084,-1.88230643009413,1.90667106349654
21,2026081521,PHM2010,c6,315,0.0145958561471217,0.0146218544703782,0.0145758642916344,0.0145758642916344,0.00634920634920635,1.75988090012059,1.14069156398778,1.16153688882304,1.04427125796802,0.747324708690607,40.6623903983241,33.9991195572697
22,2026081522,NUAA,W1,29,0.0189662457220917,0.0188031553844995,0.01855793107983,0.01855793107983,0.0689655172413793,3.26261435329699,1.14618880754418,2.21095766799987,1.07757372248423,0.897245235256814,66.9720780393396,32.2335578593401
22,2026081522,NUAA,W2,17,0.0148476120149696,0.0144463930649372,0.0139356538370896,0.0139356538370896,0.117647058823529,3.36293052441737,1.31860974118282,2.31063665707927,1.35920824878629,1.30145579841828,59.5826247697529,31.290978499189
22,2026081522,NUAA,W3,11,0.0295033416448534,0.0295033416448534,0.0295033416448534,0.0295033416448534,0,1.36046220040791,0.978154401287891,1.21833984222934,0.930739819867769,0.884640170041743,31.5864990891549,10.4466230767719
22,2026081522,NUAA,W4,28,0.0499947737234601,0.0498829239877363,0.0498742564749862,0.0498742564749862,0.0357142857142857,1.43909102818096,0.932320765774315,1.07500253416033,0.940862428542422,0.940176092670744,34.6210621761926,25.2998932583749
22,2026081522,NUAA,W5,7,0.0243134056071281,0.0289433481729886,0.0308928557556908,0.0308928557556908,0.142857142857143,2.39564469064263,1.37060567520058,2.27261016401018,1.65307990660164,1.61660246794397,30.9964489701431,5.13575853351813
22,2026081522,NUAA,W6,14,0.0360025923619169,0.0360025923619169,0.0360025923619169,0.0360025923619169,0,1.39764165679279,1.02121710903133,1.25132558025297,0.986638515204329,0.984256071863097,29.406904093829,10.4687833128535
22,2026081522,NUAA,W7,8,0.0769839701819179,0.0769839701819179,0.0769839701819179,0.0769839701819179,0,1.10775821720168,1.02916928441803,1.11486667122954,1.01850370911688,0.987694639914898,8.05721922878318,-0.641697251031561
22,2026081522,NUAA,W8,31,0.0589604040915583,0.0589604040915583,0.0589604040915583,0.0589604040915583,0,1.5080420505281,1.06190403213493,1.23702293973035,1.29856145286215,1.48740138951196,13.8908989701314,17.9715884383224
22,2026081522,NUAA,W9,7,0.052176046086479,0.052176046086479,0.052176046086479,0.052176046086479,0,0.878793725158786,1.10529779267905,1.00484605655003,1.13189532012517,1.20304456592544,-28.8010243724318,-14.343790560005
22,2026081522,PHM2010,c1,315,0.00801215564201792,0.00798163864359124,0.00819049407155347,0.00816423872305722,0.053968253968254,1.34651673453634,1.03862095949155,1.17403725054032,1.24102995453179,1.26832012139733,7.8340489426495,12.809308608809
22,2026081522,PHM2010,c4,315,0.0150087833008585,0.0151961149394473,0.0150591275367102,0.0150591275367102,0.0285714285714286,1.05972139886339,1.2292514733075,1.03902787316639,1.08176585769394,1.08627253308084,-2.08021267233088,1.95273264456001
22,2026081522,PHM2010,c6,315,0.0145958561471217,0.0146218544703782,0.0145758642916344,0.0145758642916344,0.00634920634920635,1.80299618097586,1.15823907649852,1.17071027329925,1.05582212805447,0.747324708690607,41.4406897144388,35.0686215726974
23,2026081523,NUAA,W1,29,0.0189662457220917,0.0188031553844995,0.01855793107983,0.01855793107983,0.0689655172413793,3.2297583058893,1.13337957426563,2.32317661331521,1.08496876033036,0.897245235256814,66.4071222186509,28.069645054275
23,2026081523,NUAA,W2,17,0.0148476120149696,0.0144463930649372,0.0139356538370896,0.0139356538370896,0.117647058823529,3.4732735238235,1.24469222332338,2.24776566793775,1.29983697668368,1.30145579841828,62.576026110009,35.2839431585183
23,2026081523,NUAA,W3,11,0.0295033416448534,0.0295033416448534,0.0295033416448534,0.0295033416448534,0,1.45856601661038,0.969542320204469,1.21931691407691,0.927261685565777,0.884640170041743,36.4264849855286,16.4030355711611
23,2026081523,NUAA,W4,28,0.0499947737234601,0.0498829239877363,0.0498742564749862,0.0498742564749862,0.0357142857142857,1.61690558560525,0.962875455666273,1.10586022679344,0.979882794582924,0.940176092670744,39.3976492315643,31.6063821760201
23,2026081523,NUAA,W5,7,0.0243134056071281,0.0289433481729886,0.0308928557556908,0.0308928557556908,0.142857142857143,2.26685760992326,1.29916945931668,2.2678565774592,1.56465202680922,1.61660246794397,30.9770485821477,-0.0440683848677843
23,2026081523,NUAA,W6,14,0.0360025923619169,0.0360025923619169,0.0360025923619169,0.0360025923619169,0,1.30272162599981,1.02336519459324,1.25849463738708,0.996148416528369,0.984256071863097,23.5332862641437,3.3949684821413
23,2026081523,NUAA,W7,8,0.0769839701819179,0.0769839701819179,0.0769839701819179,0.0769839701819179,0,1.08199529233293,0.998267749879469,1.07075921907461,0.990282916835883,0.987694639914898,8.47622685116312,1.03845860864094
23,2026081523,NUAA,W8,31,0.0589604040915583,0.0589604040915583,0.0589604040915583,0.0589604040915583,0,1.5112547400695,1.07185903809586,1.22120197564131,1.29544572755341,1.48740138951196,14.2801214642454,19.1928439817404
23,2026081523,NUAA,W9,7,0.052176046086479,0.052176046086479,0.052176046086479,0.052176046086479,0,0.972379459628855,1.13764335959803,1.06628030499,1.17666724357485,1.20304456592544,-21.0090599840491,-9.65681087062271
23,2026081523,PHM2010,c1,315,0.00801215564201792,0.00798163864359124,0.00819049407155347,0.00816423872305722,0.053968253968254,1.34192383624848,1.02630222991434,1.16500639730937,1.23052778505359,1.26832012139733,8.30122009802816,13.1838658916516
23,2026081523,PHM2010,c4,315,0.0150087833008585,0.0151961149394473,0.0150591275367102,0.0150591275367102,0.0285714285714286,1.0637403622394,1.23428324374804,1.04319993090355,1.08314418855338,1.08627253308084,-1.8241130075321,1.93096286133275
23,2026081523,PHM2010,c6,315,0.0145958561471217,0.0146218544703782,0.0145758642916344,0.0145758642916344,0.00634920634920635,1.77965288541559,1.15468171219783,1.171241092831,1.05550158231921,0.747324708690607,40.6905924762553,34.1871045511504
24,2026081524,NUAA,W1,29,0.0189662457220917,0.0188031553844995,0.01855793107983,0.01855793107983,0.0689655172413793,3.33226819434653,1.20435080985875,2.2551714525979,1.15363777530397,0.897245235256814,65.3798041447802,32.3232308724734
24,2026081524,NUAA,W2,17,0.0148476120149696,0.0144463930649372,0.0139356538370896,0.0139356538370896,0.117647058823529,3.17657585064771,1.27078080812196,2.31271349108154,1.31728358670062,1.30145579841828,58.5313353549538,27.1947656905478
24,2026081524,NUAA,W3,11,0.0295033416448534,0.0295033416448534,0.0295033416448534,0.0295033416448534,0,1.4312996231807,1.00561606500698,1.23472502508777,0.962385544421628,0.884640170041743,32.76141984283,13.7339935614664
24,2026081524,NUAA,W4,28,0.0499947737234601,0.0498829239877363,0.0498742564749862,0.0498742564749862,0.0357142857142857,1.43178663966104,0.959960236913512,1.10722381398217,0.97043168423968,0.940176092670744,32.222325774082,22.6683792604535
24,2026081524,NUAA,W5,7,0.0243134056071281,0.0289433481729886,0.0308928557556908,0.0308928557556908,0.142857142857143,2.51077581316306,1.28099493208922,2.09952641124847,1.58504175383445,1.61660246794397,36.8704387892909,16.3793756399341
24,2026081524,NUAA,W6,14,0.0360025923619169,0.0360025923619169,0.0360025923619169,0.0360025923619169,0,1.42255956368845,1.06250309338152,1.30447645705755,1.03348448701982,0.984256071863097,27.3503540097699,8.30074955348309
24,2026081524,NUAA,W7,8,0.0769839701819179,0.0769839701819179,0.0769839701819179,0.0769839701819179,0,1.13072394903146,1.01856614805568,1.10150352075956,1.01156332089954,0.987694639914898,10.5384367452364,2.58422299243955
24,2026081524,NUAA,W8,31,0.0589604040915583,0.0589604040915583,0.0589604040915583,0.0589604040915583,0,1.5101073082274,1.10812835201044,1.2513972244991,1.33315333535119,1.48740138951196,11.717973412361,17.1319006483044
24,2026081524,NUAA,W9,7,0.052176046086479,0.052176046086479,0.052176046086479,0.052176046086479,0,0.836453678664003,1.10521094956328,1.0187583612847,1.13621510407712,1.20304456592544,-35.8371817901383,-21.7949525802644
24,2026081524,PHM2010,c1,315,0.00801215564201792,0.00798163864359124,0.00819049407155347,0.00816423872305722,0.053968253968254,1.33952267868014,1.02589167992931,1.16160226383534,1.23128870723335,1.26832012139733,8.08004023891855,13.2823742125898
24,2026081524,PHM2010,c4,315,0.0150087833008585,0.0151961149394473,0.0150591275367102,0.0150591275367102,0.0285714285714286,1.06642648593348,1.23424816678657,1.04283891554057,1.08427187023469,1.08627253308084,-1.67338157262558,2.21183276147392
24,2026081524,PHM2010,c6,315,0.0145958561471217,0.0146218544703782,0.0145758642916344,0.0145758642916344,0.00634920634920635,1.78476190643328,1.15292550427195,1.17594819162586,1.05755421929755,0.747324708690607,40.745361300825,34.1117609364539
25,2026081525,NUAA,W1,29,0.0189662457220917,0.0188031553844995,0.01855793107983,0.01855793107983,0.0689655172413793,3.25702159208435,1.15371515132359,2.26847032706944,1.11913446025747,0.897245235256814,65.639329411345,30.3513881337914
25,2026081525,NUAA,W2,17,0.0148476120149696,0.0144463930649372,0.0139356538370896,0.0139356538370896,0.117647058823529,3.7264607015702,1.29105463041255,2.34753909460606,1.35005934024736,1.30145579841828,63.7710028800654,37.0035193550576
25,2026081525,NUAA,W3,11,0.0295033416448534,0.0295033416448534,0.0295033416448534,0.0295033416448534,0,1.44728659031647,0.989606548183164,1.28525790132955,0.945089715883769,0.884640170041743,34.6992004066652,11.1953423786986
25,2026081525,NUAA,W4,28,0.0499947737234601,0.0498829239877363,0.0498742564749862,0.0498742564749862,0.0357142857142857,1.63104140180196,0.984896631533423,1.17611284707089,0.994456607453651,0.940176092670744,39.0293461370763,27.8919072335299
25,2026081525,NUAA,W5,7,0.0243134056071281,0.0289433481729886,0.0308928557556908,0.0308928557556908,0.142857142857143,2.52007721202556,1.3445676370496,2.28877644616131,1.66898284749824,1.61660246794397,33.7725511133538,9.17832059908727
25,2026081525,NUAA,W6,14,0.0360025923619169,0.0360025923619169,0.0360025923619169,0.0360025923619169,0,1.47904856414218,1.06287305308857,1.31008895329686,1.02518638508134,0.984256071863097,30.6860903735146,11.4235336784439
25,2026081525,NUAA,W7,8,0.0769839701819179,0.0769839701819179,0.0769839701819179,0.0769839701819179,0,1.0848588724142,1.01143226418357,1.06265433164899,0.997935717675236,0.987694639914898,8.01239285120339,2.04676767917256
25,2026081525,NUAA,W8,31,0.0589604040915583,0.0589604040915583,0.0589604040915583,0.0589604040915583,0,1.50015442103673,1.08170760874988,1.25390598129785,1.31224137335313,1.48740138951196,12.5262469682118,16.4148727814772
25,2026081525,NUAA,W9,7,0.052176046086479,0.052176046086479,0.052176046086479,0.052176046086479,0,0.876432426568952,1.13154926236994,1.04892319249124,1.15723643017504,1.20304456592544,-32.0394356819241,-19.6810114155125
25,2026081525,PHM2010,c1,315,0.00801215564201792,0.00798163864359124,0.00819049407155347,0.00816423872305722,0.053968253968254,1.33615111788386,1.03609962052026,1.1661814058848,1.23493178016769,1.26832012139733,7.57544085855148,12.7208449496531
25,2026081525,PHM2010,c4,315,0.0150087833008585,0.0151961149394473,0.0150591275367102,0.0150591275367102,0.0285714285714286,1.05830552528038,1.23125750230114,1.03893263278889,1.08165353284535,1.08627253308084,-2.20616891882752,1.83055762525267
25,2026081525,PHM2010,c6,315,0.0145958561471217,0.0146218544703782,0.0145758642916344,0.0145758642916344,0.00634920634920635,1.79111755373299,1.15734701720396,1.18896324337252,1.06540621093441,0.747324708690607,40.5172369220587,33.6189162517827
26,2026081526,NUAA,W1,29,0.0189662457220917,0.0188031553844995,0.01855793107983,0.01855793107983,0.0689655172413793,3.12233824980638,1.12680933851753,2.20427621778265,1.07711365649012,0.897245235256814,65.5029798082603,29.4030293508611
26,2026081526,NUAA,W2,17,0.0148476120149696,0.0144463930649372,0.0139356538370896,0.0139356538370896,0.117647058823529,3.19407134974926,1.26401133234315,2.2870391818026,1.31520357091775,1.30145579841828,58.8236007620494,28.3973671414031
26,2026081526,NUAA,W3,11,0.0295033416448534,0.0295033416448534,0.0295033416448534,0.0295033416448534,0,1.43074369802141,0.956610849517269,1.24722579519191,0.919398249692013,0.884640170041743,35.7398357956453,12.8267489895838
26,2026081526,NUAA,W4,28,0.0499947737234601,0.0498829239877363,0.0498742564749862,0.0498742564749862,0.0357142857142857,1.50786818024744,0.953993913012968,1.12891986650076,0.985239981593611,0.940176092670744,34.6600721137351,25.1313953507851
26,2026081526,NUAA,W5,7,0.0243134056071281,0.0289433481729886,0.0308928557556908,0.0308928557556908,0.142857142857143,2.30789645745495,1.29523797536475,2.34013320950267,1.60558862979419,1.61660246794397,30.4306471545623,-1.39680235409098
26,2026081526,NUAA,W6,14,0.0360025923619169,0.0360025923619169,0.0360025923619169,0.0360025923619169,0,1.42172047688792,1.06042414951742,1.28995744287985,1.02596382266241,0.984256071863097,27.8364601663332,9.26785793340323
26,2026081526,NUAA,W7,8,0.0769839701819179,0.0769839701819179,0.0769839701819179,0.0769839701819179,0,1.10575097462429,1.00631402328203,1.07650692588318,1.00060470663919,0.987694639914898,9.50903688064405,2.64472285462392
26,2026081526,NUAA,W8,31,0.0589604040915583,0.0589604040915583,0.0589604040915583,0.0589604040915583,0,1.55777580164084,1.08350076824619,1.25571372837709,1.31184978295536,1.48740138951196,15.7869969752027,19.3905999146718
26,2026081526,NUAA,W9,7,0.052176046086479,0.052176046086479,0.052176046086479,0.052176046086479,0,0.912634346977439,1.12638121444898,1.06697114562292,1.15917763422933,1.20304456592544,-27.0144651106351,-16.9111319507786
26,2026081526,PHM2010,c1,315,0.00801215564201792,0.00798163864359124,0.00819049407155347,0.00816423872305722,0.053968253968254,1.35041113242048,1.02343752339252,1.16739122892998,1.22285865677184,1.26832012139733,9.44545498673586,13.5529024529339
26,2026081526,PHM2010,c4,315,0.0150087833008585,0.0151961149394473,0.0150591275367102,0.0150591275367102,0.0285714285714286,1.05464524238052,1.23224958065,1.035598181333,1.08137296986031,1.08627253308084,-2.53428607134865,1.80601592669476
26,2026081526,PHM2010,c6,315,0.0145958561471217,0.0146218544703782,0.0145758642916344,0.0145758642916344,0.00634920634920635,1.7780056966681,1.16880055133996,1.18416606837157,1.07035383167118,0.747324708690607,39.8003148315566,33.3991971684544
27,2026081527,NUAA,W1,29,0.0189662457220917,0.0188031553844995,0.01855793107983,0.01855793107983,0.0689655172413793,3.27925736811871,1.13013864881389,2.20267912527882,1.06454770393628,0.897245235256814,67.5369272846369,32.8299405013615
27,2026081527,NUAA,W2,17,0.0148476120149696,0.0144463930649372,0.0139356538370896,0.0139356538370896,0.117647058823529,3.08153659091702,1.31879852239229,2.2896399368335,1.3771390858457,1.30145579841828,55.3099875592949,25.6981097163562
27,2026081527,NUAA,W3,11,0.0295033416448534,0.0295033416448534,0.0295033416448534,0.0295033416448534,0,1.38455164575729,1.00729152097764,1.26009146148418,0.959885207952329,0.884640170041743,30.6717657738715,8.98920489203073
27,2026081527,NUAA,W4,28,0.0499947737234601,0.0498829239877363,0.0498742564749862,0.0498742564749862,0.0357142857142857,1.44330571799522,0.975855909095454,1.14048115201468,0.98429398327835,0.940176092670744,31.8028071941991,20.9813182477491
27,2026081527,NUAA,W5,7,0.0243134056071281,0.0289433481729886,0.0308928557556908,0.0308928557556908,0.142857142857143,2.80459327684071,1.30901089730297,2.37795214164387,1.620665078087,1.61660246794397,42.213899909486,15.2122284083002
27,2026081527,NUAA,W6,14,0.0360025923619169,0.0360025923619169,0.0360025923619169,0.0360025923619169,0,1.44097926586948,1.02709760656922,1.26479849172521,0.990213614114049,0.984256071863097,31.2818971398203,12.2264614291975
27,2026081527,NUAA,W7,8,0.0769839701819179,0.0769839701819179,0.0769839701819179,0.0769839701819179,0,1.06706457096774,1.00587094752747,1.08631434629776,0.986238843943986,0.987694639914898,7.57458632053087,-1.80399348397092
27,2026081527,NUAA,W8,31,0.0589604040915583,0.0589604040915583,0.0589604040915583,0.0589604040915583,0,1.46138220859904,1.06329248914323,1.2441549374864,1.28844555706095,1.48740138951196,11.8337728843623,14.8645077129336
27,2026081527,NUAA,W9,7,0.052176046086479,0.052176046086479,0.052176046086479,0.052176046086479,0,0.956524286701624,1.13061266012129,1.06877456651141,1.15693083199539,1.20304456592544,-20.9515375699264,-11.735225270323
27,2026081527,PHM2010,c1,315,0.00801215564201792,0.00798163864359124,0.00819049407155347,0.00816423872305722,0.053968253968254,1.34094514125857,1.03063902769013,1.16774036281094,1.23409835672458,1.26832012139733,7.96802055852206,12.916619264906
27,2026081527,PHM2010,c4,315,0.0150087833008585,0.0151961149394473,0.0150591275367102,0.0150591275367102,0.0285714285714286,1.05615707679935,1.22937511605821,1.03954648912041,1.08019223380751,1.08627253308084,-2.27571802870431,1.57273837801436
27,2026081527,PHM2010,c6,315,0.0145958561471217,0.0146218544703782,0.0145758642916344,0.0145758642916344,0.00634920634920635,1.76945895114111,1.14959372522629,1.17630143785003,1.05158509777766,0.747324708690607,40.5702462269889,33.5219708209987
28,2026081528,NUAA,W1,29,0.0189662457220917,0.0188031553844995,0.01855793107983,0.01855793107983,0.0689655172413793,3.31897858309535,1.1121537578554,2.30397719610528,1.0667604775147,0.897245235256814,67.8587718839748,30.5817395797553
28,2026081528,NUAA,W2,17,0.0148476120149696,0.0144463930649372,0.0139356538370896,0.0139356538370896,0.117647058823529,3.35552619468759,1.31858866716659,2.2518254354366,1.36038107975401,1.30145579841828,59.458487258787,32.8920322838891
28,2026081528,NUAA,W3,11,0.0295033416448534,0.0295033416448534,0.0295033416448534,0.0295033416448534,0,1.48286201559194,0.947128325585408,1.20021441832265,0.905212912942748,0.884640170041743,38.9550137892365,19.0609506681885
28,2026081528,NUAA,W4,28,0.0499947737234601,0.0498829239877363,0.0498742564749862,0.0498742564749862,0.0357142857142857,1.50896469319866,0.955067055400909,1.13696267020226,0.974345856263893,0.940176092670744,35.4295126548985,24.6527983506254
28,2026081528,NUAA,W5,7,0.0243134056071281,0.0289433481729886,0.0308928557556908,0.0308928557556908,0.142857142857143,2.49606906833859,1.30155300218636,2.23448583248302,1.59334124818095,1.61660246794397,36.1659792033922,10.4798075972186
28,2026081528,NUAA,W6,14,0.0360025923619169,0.0360025923619169,0.0360025923619169,0.0360025923619169,0,1.39010965774617,1.00623569138637,1.22680307048154,0.976042578042635,0.984256071863097,29.7866486572632,11.7477485574341
28,2026081528,NUAA,W7,8,0.0769839701819179,0.0769839701819179,0.0769839701819179,0.0769839701819179,0,1.07887670515466,1.00836662033247,1.06776274867518,0.992021250663008,0.987694639914898,8.05054498597211,1.03014148200391
28,2026081528,NUAA,W8,31,0.0589604040915583,0.0589604040915583,0.0589604040915583,0.0589604040915583,0,1.56361395851407,1.10002871979065,1.27263702830476,1.31584162533898,1.48740138951196,15.8461320856046,18.6092563720674
28,2026081528,NUAA,W9,7,0.052176046086479,0.052176046086479,0.052176046086479,0.052176046086479,0,0.881321873372501,1.11339196169588,1.00199665396455,1.14820246783772,1.20304456592544,-30.2818530355957,-13.6924753870309
28,2026081528,PHM2010,c1,315,0.00801215564201792,0.00798163864359124,0.00819049407155347,0.00816423872305722,0.053968253968254,1.36103413414742,1.03442031542653,1.17223126222349,1.23689683586777,1.26832012139733,9.12080712490108,13.8720159316355
28,2026081528,PHM2010,c4,315,0.0150087833008585,0.0151961149394473,0.0150591275367102,0.0150591275367102,0.0285714285714286,1.05914578475406,1.23302235473117,1.04153558210607,1.083732518737,1.08627253308084,-2.32137391630639,1.66267976528588
28,2026081528,PHM2010,c6,315,0.0145958561471217,0.0146218544703782,0.0145758642916344,0.0145758642916344,0.00634920634920635,1.79084633585415,1.15872756985013,1.17637926328178,1.06155017601775,0.747324708690607,40.7235475895013,34.3115464610369
29,2026081529,NUAA,W1,29,0.0189662457220917,0.0188031553844995,0.01855793107983,0.01855793107983,0.0689655172413793,3.12527233933192,1.11557640196561,2.23224203912728,1.06887803789756,0.897245235256814,65.7988833662395,28.5744793810686
29,2026081529,NUAA,W2,17,0.0148476120149696,0.0144463930649372,0.0139356538370896,0.0139356538370896,0.117647058823529,3.30900880093736,1.2403001470505,2.25821089006797,1.28132958424387,1.30145579841828,61.2775407584016,31.7556698722509
29,2026081529,NUAA,W3,11,0.0295033416448534,0.0295033416448534,0.0295033416448534,0.0295033416448534,0,1.56933361126639,0.998036722792365,1.2647662677155,0.952945151027132,0.884640170041743,39.2770826938355,19.4074313685997
29,2026081529,NUAA,W4,28,0.0499947737234601,0.0498829239877363,0.0498742564749862,0.0498742564749862,0.0357142857142857,1.59034755165105,0.990906664477188,1.17717817747374,1.00179485230542,0.940176092670744,37.0078036549063,25.9798164085809
29,2026081529,NUAA,W5,7,0.0243134056071281,0.0289433481729886,0.0308928557556908,0.0308928557556908,0.142857142857143,2.27710876971828,1.42551111622466,2.21885865954809,1.72689980291092,1.61660246794397,24.1626124375002,2.5580732437913
29,2026081529,NUAA,W6,14,0.0360025923619169,0.0360025923619169,0.0360025923619169,0.0360025923619169,0,1.45755180555879,1.02313454670868,1.2528736728989,0.987745192439469,0.984256071863097,32.2325842091908,14.0425974486317
29,2026081529,NUAA,W7,8,0.0769839701819179,0.0769839701819179,0.0769839701819179,0.0769839701819179,0,1.09570155209704,1.02213618381748,1.09003102724239,1.01296945470095,0.987694639914898,7.55060511119602,0.517524579918762
29,2026081529,NUAA,W8,31,0.0589604040915583,0.0589604040915583,0.0589604040915583,0.0589604040915583,0,1.54743856331467,1.11067301605489,1.27017497245726,1.32777096821615,1.48740138951196,14.1955616401327,17.9175831228805
29,2026081529,NUAA,W9,7,0.052176046086479,0.052176046086479,0.052176046086479,0.052176046086479,0,0.938624406869824,1.13164331388288,1.03539899868632,1.17020495860117,1.20304456592544,-24.6723343263189,-10.3102573412965
29,2026081529,PHM2010,c1,315,0.00801215564201792,0.00798163864359124,0.00819049407155347,0.00816423872305722,0.053968253968254,1.32594674718225,1.02501285455524,1.16882962861898,1.23257915817392,1.26832012139733,7.04157909861351,11.8494290134318
29,2026081529,PHM2010,c4,315,0.0150087833008585,0.0151961149394473,0.0150591275367102,0.0150591275367102,0.0285714285714286,1.06194391679931,1.23349976646351,1.04209850439374,1.08364908080048,1.08627253308084,-2.0439086902625,1.86878158927424
29,2026081529,PHM2010,c6,315,0.0145958561471217,0.0146218544703782,0.0145758642916344,0.0145758642916344,0.00634920634920635,1.79438628574932,1.15784839859598,1.17259064165993,1.05830492174507,0.747324708690607,41.0213436120234,34.6522735392916
30,2026081530,NUAA,W1,29,0.0189662457220917,0.0188031553844995,0.01855793107983,0.01855793107983,0.0689655172413793,3.25361653652672,1.1886493429217,2.32521287103528,1.12398015712395,0.897245235256814,65.4544367934699,28.5345139806343
30,2026081530,NUAA,W2,17,0.0148476120149696,0.0144463930649372,0.0139356538370896,0.0139356538370896,0.117647058823529,3.6387391874799,1.26724187454599,2.28435845163225,1.31989471350274,1.30145579841828,63.7265919457979,37.2211545281337
30,2026081530,NUAA,W3,11,0.0295033416448534,0.0295033416448534,0.0295033416448534,0.0295033416448534,0,1.43258488632357,0.986616527200357,1.22371760451955,0.936075293458875,0.884640170041743,34.6583017596176,14.579749081399
30,2026081530,NUAA,W4,28,0.0499947737234601,0.0498829239877363,0.0498742564749862,0.0498742564749862,0.0357142857142857,1.48751980983611,0.931545901332364,1.1059012461156,0.960030645496955,0.940176092670744,35.4609841731972,25.6546878365648
30,2026081530,NUAA,W5,7,0.0243134056071281,0.0289433481729886,0.0308928557556908,0.0308928557556908,0.142857142857143,2.59500876675487,1.30706514924552,2.24914355901793,1.61038727134226,1.61660246794397,37.9428966879332,13.3280939998305
30,2026081530,NUAA,W6,14,0.0360025923619169,0.0360025923619169,0.0360025923619169,0.0360025923619169,0,1.40061514207504,1.02253931849663,1.25738136645811,0.979355658352171,0.984256071863097,30.0767477851744,10.2264905836106
30,2026081530,NUAA,W7,8,0.0769839701819179,0.0769839701819179,0.0769839701819179,0.0769839701819179,0,1.06701541122492,1.02033298587257,1.09907746300261,1.01077578890057,0.987694639914898,5.27074133444677,-3.00483492931774
30,2026081530,NUAA,W8,31,0.0589604040915583,0.0589604040915583,0.0589604040915583,0.0589604040915583,0,1.51343664236752,1.08970079569479,1.2428626214217,1.31390784486148,1.48740138951196,13.1838222969091,17.8781201255015
30,2026081530,NUAA,W9,7,0.052176046086479,0.052176046086479,0.052176046086479,0.052176046086479,0,0.898320904284354,1.11862158856607,1.01478069717742,1.15336106450647,1.20304456592544,-28.3907631455253,-12.964163734545
30,2026081530,PHM2010,c1,315,0.00801215564201792,0.00798163864359124,0.00819049407155347,0.00816423872305722,0.053968253968254,1.3531558503801,1.03013771369779,1.17511831168799,1.23805291973901,1.26832012139733,8.50625821177652,13.157208657236
30,2026081530,PHM2010,c4,315,0.0150087833008585,0.0151961149394473,0.0150591275367102,0.0150591275367102,0.0285714285714286,1.06244884040776,1.23282832395335,1.04201295313886,1.08378093161445,1.08627253308084,-2.00782290830134,1.92347024079372
30,2026081530,PHM2010,c6,315,0.0145958561471217,0.0146218544703782,0.0145758642916344,0.0145758642916344,0.00634920634920635,1.78563702009245,1.13944771257034,1.15980926214083,1.04411785489521,0.747324708690607,41.5268700667313,35.0478709227937
